{
    "epoch_1": 0.6373390342795225,
    "epoch_2": 0.5670877949383367,
    "epoch_3": 0.5254277020542055,
    "epoch_4": 0.4954315052064635,
    "epoch_5": 0.4672440145208703,
    "epoch_6": 0.4436671499659199,
    "epoch_7": 0.42690666937104366,
    "epoch_8": 0.4120234429936787,
    "epoch_9": 0.4035178929014511,
    "epoch_10": 0.3954706839325054,
    "epoch_11": 0.38753090318901745,
    "epoch_12": 0.3855131821326824,
    "epoch_13": 0.3813030312173885,
    "epoch_14": 0.3778198636804423,
    "epoch_15": 0.3783538982799845,
    "epoch_16": 0.37905981739697125,
    "epoch_17": 0.3717923300061218,
    "epoch_18": 0.3749301246607686,
    "epoch_19": 0.372139491228792,
    "epoch_20": 0.3697117014739405,
    "epoch_21": 0.36711311164432997,
    "epoch_22": 0.3711708139810353,
    "epoch_23": 0.3664631427440032,
    "epoch_24": 0.3660467796743821,
    "epoch_25": 0.36547972606165213,
    "epoch_26": 0.37160952301290745,
    "epoch_27": 0.3683673617811669,
    "epoch_28": 0.36536514939988446,
    "epoch_29": 0.36403081032116136,
    "epoch_30": 0.36589416534864483,
    "epoch_31": 0.3634178651022469,
    "epoch_32": 0.36525684162898975,
    "epoch_33": 0.3617672616675571,
    "epoch_34": 0.3612588848070592,
    "epoch_35": 0.3676389820660146,
    "epoch_36": 0.3632411769831563,
    "epoch_37": 0.35966197661364463,
    "epoch_38": 0.3585634384850829,
    "epoch_39": 0.3587204840090785,
    "epoch_40": 0.35906161998616903,
    "epoch_41": 0.35800812015243966,
    "epoch_42": 0.3625640885222823,
    "epoch_43": 0.3608419699170336,
    "epoch_44": 0.3597112224636753,
    "epoch_45": 0.35959461678139876,
    "epoch_46": 0.35928944240734106,
    "epoch_47": 0.35859427363635316,
    "epoch_48": 0.3603658343446999,
    "epoch_49": 0.3589493596131645,
    "epoch_50": 0.3603121011092329,
    "epoch_51": 0.3608109739940444,
    "epoch_52": 0.3581670042234167,
    "epoch_53": 0.3564599168441348,
    "epoch_54": 0.35614002555055924,
    "epoch_55": 0.3560791878032845,
    "epoch_56": 0.35574259183057044,
    "epoch_57": 0.35564463797950424,
    "epoch_58": 0.3556360412407886,
    "epoch_59": 0.3577019917020106,
    "epoch_60": 0.3697437959617949,
    "epoch_61": 0.3631991245493318,
    "epoch_62": 0.3576366045020684,
    "epoch_63": 0.3589166043982739,
    "epoch_64": 0.3561922477630499,
    "epoch_65": 0.3561983213054792,
    "epoch_66": 0.35516330142447355,
    "epoch_67": 0.3541439034886545,
    "epoch_68": 0.3551475254922452,
    "epoch_69": 0.35633870240608717,
    "epoch_70": 0.35811116281287464,
    "epoch_71": 0.3540422321371043,
    "epoch_72": 0.35336193276497,
    "epoch_73": 0.35381064597913026,
    "epoch_74": 0.35529060679382657,
    "epoch_75": 0.3528938065290853,
    "epoch_76": 0.35207913285765235,
    "epoch_77": 0.3520542188197324,
    "epoch_78": 0.35205213386333006,
    "epoch_79": 0.35205127125445745,
    "epoch_80": 0.3520506790275316,
    "epoch_81": 0.3520502258111011,
    "epoch_82": 0.3520498727063506,
    "epoch_83": 0.3520495835283353,
    "epoch_84": 0.3520493476225996,
    "epoch_85": 0.35204914106687446,
    "epoch_86": 0.3520489610467753,
    "epoch_87": 0.3520488157039147,
    "epoch_88": 0.3520486828247572,
    "epoch_89": 0.352048568038072,
    "epoch_90": 0.35204847043923543,
    "epoch_91": 0.35204838369588226,
    "epoch_92": 0.3520483067023613,
    "epoch_93": 0.3520482392576452,
    "epoch_94": 0.352048177542212,
    "epoch_95": 0.35204812306376776,
    "epoch_96": 0.35204807431460633,
    "epoch_97": 0.3520480333050025,
    "epoch_98": 0.3520479944061871,
    "epoch_99": 0.35204795992997606,
    "epoch_100": 0.3520479312835616,
    "epoch_101": 0.35204790605461417,
    "epoch_102": 0.3520478821323453,
    "epoch_103": 0.3520478631352494,
    "epoch_104": 0.35204784293198865,
    "epoch_105": 0.35204782785492844,
    "epoch_106": 0.35204781106913474,
    "epoch_107": 0.35204779850491785,
    "epoch_108": 0.35204778724737956,
    "epoch_109": 0.3520477720698056,
    "epoch_110": 0.40443593846605763,
    "epoch_111": 0.36041803062464695,
    "epoch_112": 0.35771146773487883,
    "epoch_113": 0.3560738480111198,
    "epoch_114": 0.3539646255829282,
    "epoch_115": 0.3556155574462466,
    "epoch_116": 0.35262262600067296,
    "epoch_117": 0.35234919919131374,
    "epoch_118": 0.35247020365616927,
    "epoch_119": 0.351637168537706,
    "epoch_120": 0.3516281555716143,
    "epoch_121": 0.35162781292029216,
    "epoch_122": 0.35162757791918003,
    "epoch_123": 0.35162739890421824,
    "epoch_124": 0.35162724260536055,
    "epoch_125": 0.35162711284212883,
    "epoch_126": 0.35162699624619637,
    "epoch_127": 0.35162690518075257,
    "epoch_128": 0.3516268230610312,
    "epoch_129": 0.3516267534050129,
    "epoch_130": 0.3516266895787913,
    "epoch_131": 0.3516266313813388,
    "epoch_132": 0.3516265768023808,
    "epoch_133": 0.3516265299629803,
    "epoch_134": 0.35162649106416494,
    "epoch_135": 0.3516264516627809,
    "epoch_136": 0.35162641990044063,
    "epoch_137": 0.3516263883391279,
    "epoch_138": 0.35162635738089754,
    "epoch_139": 0.35162633486582096,
    "epoch_140": 0.3516263128030562,
    "epoch_141": 0.3516262923485111,
    "epoch_142": 0.3516262759647723,
    "epoch_143": 0.35162625797281377,
    "epoch_144": 0.35162624369986345,
    "epoch_145": 0.3516262312361603,
    "epoch_146": 0.3516262193755396,
    "epoch_147": 0.35162620862057,
    "epoch_148": 0.3516262020871772,
    "epoch_149": 0.3516261942471059,
    "epoch_150": 0.35162618580395216
}