{
    "epoch_1": 0.651810580823715,
    "epoch_2": 0.5835139751434326,
    "epoch_3": 0.5518349235214632,
    "epoch_4": 0.5307646114850326,
    "epoch_5": 0.5124764557029505,
    "epoch_6": 0.4922119138313184,
    "epoch_7": 0.4790508028427626,
    "epoch_8": 0.4685251739937781,
    "epoch_9": 0.45072426306457586,
    "epoch_10": 0.4423463431518355,
    "epoch_11": 0.43015285461990266,
    "epoch_12": 0.4147954488685119,
    "epoch_13": 0.4067553429539248,
    "epoch_14": 0.40195957876578553,
    "epoch_15": 0.39805208847655416,
    "epoch_16": 0.3955139911797959,
    "epoch_17": 0.3905260750857413,
    "epoch_18": 0.3851766235510776,
    "epoch_19": 0.3845411418461277,
    "epoch_20": 0.38275268251739103,
    "epoch_21": 0.3819748542662616,
    "epoch_22": 0.3851458420741417,
    "epoch_23": 0.3793707276878228,
    "epoch_24": 0.37566247924182306,
    "epoch_25": 0.37815151990565643,
    "epoch_26": 0.37265579982913566,
    "epoch_27": 0.37658973910153215,
    "epoch_28": 0.3705297699967685,
    "epoch_29": 0.3726764564570448,
    "epoch_30": 0.37392247582567484,
    "epoch_31": 0.3714185936052924,
    "epoch_32": 0.37068406621883127,
    "epoch_33": 0.3708384644120781,
    "epoch_34": 0.37001501373054607,
    "epoch_35": 0.37153424033628146,
    "epoch_36": 0.3718302302678158,
    "epoch_37": 0.3678273361609718,
    "epoch_38": 0.36683431051633814,
    "epoch_39": 0.3665780419040892,
    "epoch_40": 0.368621621827452,
    "epoch_41": 0.3666125977220262,
    "epoch_42": 0.3669272123460625,
    "epoch_43": 0.36489069130127183,
    "epoch_44": 0.3650560726805843,
    "epoch_45": 0.3647358460731892,
    "epoch_46": 0.3680105711416692,
    "epoch_47": 0.36749634784952584,
    "epoch_48": 0.36789487726973846,
    "epoch_49": 0.3630599708219403,
    "epoch_50": 0.3641121400548475,
    "epoch_51": 0.3612690617222006,
    "epoch_52": 0.3658430756244048,
    "epoch_53": 0.3684439188714373,
    "epoch_54": 0.3657863695947155,
    "epoch_55": 0.36593644338554715,
    "epoch_56": 0.3637385346736715,
    "epoch_57": 0.36095169302182895,
    "epoch_58": 0.3648872946406295,
    "epoch_59": 0.3639971331440377,
    "epoch_60": 0.36284576630310905,
    "epoch_61": 0.36525830169150236,
    "epoch_62": 0.3611742064080391,
    "epoch_63": 0.35987464704159744,
    "epoch_64": 0.3598916008942847,
    "epoch_65": 0.3624177450474358,
    "epoch_66": 0.36595934257539486,
    "epoch_67": 0.36364800160087984,
    "epoch_68": 0.3603816813401388,
    "epoch_69": 0.3642385674869833,
    "epoch_70": 0.36451115495639946,
    "epoch_71": 0.3635802827838299,
    "epoch_72": 0.3608714565257801,
    "epoch_73": 0.359869909527732,
    "epoch_74": 0.3602324174387258,
    "epoch_75": 0.36113495659868394,
    "epoch_76": 0.36209659301008384,
    "epoch_77": 0.3582969544106752,
    "epoch_78": 0.36267427821183484,
    "epoch_79": 0.36330158377779276,
    "epoch_80": 0.36340185854125384,
    "epoch_81": 0.36152272944104613,
    "epoch_82": 0.35945352916974843,
    "epoch_83": 0.35955706665930015,
    "epoch_84": 0.3606868470700153,
    "epoch_85": 0.35980113340670505,
    "epoch_86": 0.3588874971283628,
    "epoch_87": 0.36115670515755177,
    "epoch_88": 0.3614345326592508,
    "epoch_89": 0.3615342994765528,
    "epoch_90": 0.3586362379196321,
    "epoch_91": 0.3583357075314096,
    "epoch_92": 0.36209675634490296,
    "epoch_93": 0.3586919618296181,
    "epoch_94": 0.35752435478351974,
    "epoch_95": 0.3583671504892346,
    "epoch_96": 0.3578719059492243,
    "epoch_97": 0.3571518301762779,
    "epoch_98": 0.3587897764691615,
    "epoch_99": 0.3629280957966591,
    "epoch_100": 0.3615242570487886,
    "epoch_101": 0.3598932746489977,
    "epoch_102": 0.3566736192968603,
    "epoch_103": 0.36628533143418235,
    "epoch_104": 0.3622801156108335,
    "epoch_105": 0.3575900694572101,
    "epoch_106": 0.3563360554773932,
    "epoch_107": 0.3569851519687582,
    "epoch_108": 0.3585590364860644,
    "epoch_109": 0.3580585994567678,
    "epoch_110": 0.3563379409140318,
    "epoch_111": 0.3560757286230991,
    "epoch_112": 0.3566713846755068,
    "epoch_113": 0.358208968004127,
    "epoch_114": 0.35675146517423917,
    "epoch_115": 0.3593091369680369,
    "epoch_116": 0.3576063582105138,
    "epoch_117": 0.3547314444641641,
    "epoch_118": 0.35843523206035366,
    "epoch_119": 0.3570660459251468,
    "epoch_120": 0.356168170401459,
    "epoch_121": 0.35501424744599586,
    "epoch_122": 0.3600043739878508,
    "epoch_123": 0.3564200005282037,
    "epoch_124": 0.35608447281546374,
    "epoch_125": 0.3560415766693488,
    "epoch_126": 0.35462841828798164,
    "epoch_127": 0.35473175173465155,
    "epoch_128": 0.3563747575874071,
    "epoch_129": 0.3549530968497214,
    "epoch_130": 0.3582957285451648,
    "epoch_131": 0.3559396020678605,
    "epoch_132": 0.35526140081942786,
    "epoch_133": 0.35654190298276645,
    "epoch_134": 0.3553530355730105,
    "epoch_135": 0.35389700627447584,
    "epoch_136": 0.3546893683090982,
    "epoch_137": 0.35494999278456124,
    "epoch_138": 0.35835358817098917,
    "epoch_139": 0.3539206406720372,
    "epoch_140": 0.3574159112185692,
    "epoch_141": 0.3561639076139633,
    "epoch_142": 0.3547123560012895,
    "epoch_143": 0.356095680197415,
    "epoch_144": 0.3569920069049623,
    "epoch_145": 0.3543047775305544,
    "epoch_146": 0.3541014031656275,
    "epoch_147": 0.35564316052811545,
    "epoch_148": 0.3549145403338524,
    "epoch_149": 0.35994414545432313,
    "epoch_150": 0.3545645635204412
}