{
    "epoch_1": 0.6302951408477899,
    "epoch_2": 0.5738219927374468,
    "epoch_3": 0.5452555695432435,
    "epoch_4": 0.5150730883793726,
    "epoch_5": 0.4861888167327411,
    "epoch_6": 0.4643717050351341,
    "epoch_7": 0.4461052943944529,
    "epoch_8": 0.42718597718877294,
    "epoch_9": 0.4123968575997859,
    "epoch_10": 0.4034449311372201,
    "epoch_11": 0.39506969298118283,
    "epoch_12": 0.3865112576878694,
    "epoch_13": 0.38511663092328563,
    "epoch_14": 0.38198776218983616,
    "epoch_15": 0.3758209008993628,
    "epoch_16": 0.3727036050158046,
    "epoch_17": 0.3753621863172991,
    "epoch_18": 0.3763640921493807,
    "epoch_19": 0.3713190622916712,
    "epoch_20": 0.3694786473631256,
    "epoch_21": 0.36594695571502184,
    "epoch_22": 0.3670729161515003,
    "epoch_23": 0.3662500155313823,
    "epoch_24": 0.3680857478265618,
    "epoch_25": 0.36838614357663646,
    "epoch_26": 0.36945245720282777,
    "epoch_27": 0.36187514446638086,
    "epoch_28": 0.3644378841626906,
    "epoch_29": 0.36388130905656346,
    "epoch_30": 0.3617143839044876,
    "epoch_31": 0.35970908202369134,
    "epoch_32": 0.3606566126893383,
    "epoch_33": 0.36165447078305996,
    "epoch_34": 0.36282347577418284,
    "epoch_35": 0.3623126303968703,
    "epoch_36": 0.36224501149047283,
    "epoch_37": 0.35874390129697264,
    "epoch_38": 0.3607398416300447,
    "epoch_39": 0.35846065419520334,
    "epoch_40": 0.35892134603320247,
    "epoch_41": 0.3555673400024942,
    "epoch_42": 0.3566727128639993,
    "epoch_43": 0.35820500298857083,
    "epoch_44": 0.3556352009459652,
    "epoch_45": 0.3531163789168578,
    "epoch_46": 0.3527535412202999,
    "epoch_47": 0.35445639063897866,
    "epoch_48": 0.3556550131077308,
    "epoch_49": 0.3539066406164764,
    "epoch_50": 0.35530380605646167,
    "epoch_51": 0.3564305583904003,
    "epoch_52": 0.3523693263631245,
    "epoch_53": 0.35443328916523953,
    "epoch_54": 0.3530832338091897,
    "epoch_55": 0.35069114773912735,
    "epoch_56": 0.35023658181121337,
    "epoch_57": 0.361363176300393,
    "epoch_58": 0.35520737860697316,
    "epoch_59": 0.3513265189794827,
    "epoch_60": 0.3505863649849144,
    "epoch_61": 0.35137392497585357,
    "epoch_62": 0.35097681822704424,
    "epoch_63": 0.35451669968400795,
    "epoch_64": 0.35473952797974945,
    "epoch_65": 0.3514034704856487,
    "epoch_66": 0.35002931796680214,
    "epoch_67": 0.3487301209523746,
    "epoch_68": 0.34875730790738113,
    "epoch_69": 0.3493380983804571,
    "epoch_70": 0.3521335263678437,
    "epoch_71": 0.35137416208775407,
    "epoch_72": 0.34826879929531285,
    "epoch_73": 0.34920962825794444,
    "epoch_74": 0.34766467546331137,
    "epoch_75": 0.3478771955729737,
    "epoch_76": 0.35533779397179666,
    "epoch_77": 0.3507520962525379,
    "epoch_78": 0.347724381626959,
    "epoch_79": 0.34736593648112846,
    "epoch_80": 0.34729174050874695,
    "epoch_81": 0.34738320514283333,
    "epoch_82": 0.34946455199642085,
    "epoch_83": 0.34923613754935046,
    "epoch_84": 0.3477436254338108,
    "epoch_85": 0.34619115164870956,
    "epoch_86": 0.34572025344504476,
    "epoch_87": 0.35153881755687333,
    "epoch_88": 0.3481676761456726,
    "epoch_89": 0.34640337463977167,
    "epoch_90": 0.3459148967849062,
    "epoch_91": 0.34619814278102445,
    "epoch_92": 0.34852181025741474,
    "epoch_93": 0.349496220858865,
    "epoch_94": 0.3488150649086822,
    "epoch_95": 0.3457433312980562,
    "epoch_96": 0.34541863745822876,
    "epoch_97": 0.34478631711126784,
    "epoch_98": 0.3444159796828966,
    "epoch_99": 0.3443580378368371,
    "epoch_100": 0.34435604897156535,
    "epoch_101": 0.3443555765570115,
    "epoch_102": 0.34435522274866476,
    "epoch_103": 0.3443546997757022,
    "epoch_104": 0.3449178094807604,
    "epoch_105": 0.3551211802392545,
    "epoch_106": 0.35192095479514907,
    "epoch_107": 0.34774891280806286,
    "epoch_108": 0.34669891497336996,
    "epoch_109": 0.3442945447177147,
    "epoch_110": 0.34425096206279066,
    "epoch_111": 0.34424969227277813,
    "epoch_112": 0.3442455440709402,
    "epoch_113": 0.3441460598982607,
    "epoch_114": 0.34414437950964116,
    "epoch_115": 0.34414421627533576,
    "epoch_116": 0.34414408711518646,
    "epoch_117": 0.34414397926394896,
    "epoch_118": 0.3441438845800107,
    "epoch_119": 0.3441438038674816,
    "epoch_120": 0.34414372677344696,
    "epoch_121": 0.34414365942924463,
    "epoch_122": 0.34414359781432513,
    "epoch_123": 0.3441435466528341,
    "epoch_124": 0.34414349388312326,
    "epoch_125": 0.3441434474457778,
    "epoch_126": 0.34414340502898166,
    "epoch_127": 0.34414336803992723,
    "epoch_128": 0.34414333386525736,
    "epoch_129": 0.3441433000926425,
    "epoch_130": 0.34414327124520055,
    "epoch_131": 0.34414324350340975,
    "epoch_132": 0.3441432179729211,
    "epoch_133": 0.3441431958598994,
    "epoch_134": 0.34414317525458377,
    "epoch_135": 0.34414315505132304,
    "epoch_136": 0.3441431369588508,
    "epoch_137": 0.34414311906740597,
    "epoch_138": 0.3441431036888045,
    "epoch_139": 0.34414308298297513,
    "epoch_140": 0.3680314364360919,
    "epoch_141": 0.3516417264335272,
    "epoch_142": 0.3489512420223294,
    "epoch_143": 0.345086520478054,
    "epoch_144": 0.34385146188092675,
    "epoch_145": 0.3447187672578062,
    "epoch_146": 0.3457306481734496,
    "epoch_147": 0.34494109047203,
    "epoch_148": 0.34544834348845843,
    "epoch_149": 0.3457066331303743,
    "epoch_150": 0.34414108497095347
}