{
    "accuracy": 0.8935497470489039,
    "precision": 0.8827388273882739,
    "recall": 0.907672849915683,
    "f1_score": 0.8950322178341301,
    "roc_auc": 0.8935497470489039
}