{
    "accuracy": 0.8973440134907251,
    "precision": 0.8905926232905097,
    "recall": 0.9059865092748736,
    "f1_score": 0.8982236154649947,
    "roc_auc": 0.8973440134907251
}