{
    "accuracy": 0.8908094435075885,
    "precision": 0.897172236503856,
    "recall": 0.8827993254637436,
    "f1_score": 0.8899277518062049,
    "roc_auc": 0.8908094435075885
}