{
    "epoch_1": 0.6918797453780601,
    "epoch_2": 0.6729122507833509,
    "epoch_3": 0.6460092530081686,
    "epoch_4": 0.6181472278566023,
    "epoch_5": 0.5973889877985139,
    "epoch_6": 0.573489230157553,
    "epoch_7": 0.5511467328160047,
    "epoch_8": 0.5412109183621849,
    "epoch_9": 0.5323743028142199,
    "epoch_10": 0.49934980459197176,
    "epoch_11": 0.47177573787221216,
    "epoch_12": 0.4430091086567755,
    "epoch_13": 0.42684057430312367,
    "epoch_14": 0.4187892911104489,
    "epoch_15": 0.39754278990510744,
    "epoch_16": 0.38985951332780605,
    "epoch_17": 0.3873250891547179,
    "epoch_18": 0.37374842860445406,
    "epoch_19": 0.365977324633333,
    "epoch_20": 0.38208503315058767,
    "epoch_21": 0.3671962597217367,
    "epoch_22": 0.36038401622394284,
    "epoch_23": 0.3566903256344755,
    "epoch_24": 0.35537948028434185,
    "epoch_25": 0.3537225669994322,
    "epoch_26": 0.3560179242798289,
    "epoch_27": 0.3538753864737023,
    "epoch_28": 0.3509355014029884,
    "epoch_29": 0.3482620550749877,
    "epoch_30": 0.3481264849135285,
    "epoch_31": 0.34783998166931823,
    "epoch_32": 0.3483056290354737,
    "epoch_33": 0.34983255629997834,
    "epoch_34": 0.34779299632292776,
    "epoch_35": 0.34653094667206324,
    "epoch_36": 0.3463294178900791,
    "epoch_37": 0.3462796500722232,
    "epoch_38": 0.34625984193100695,
    "epoch_39": 0.3462449938410651,
    "epoch_40": 0.346233619606314,
    "epoch_41": 0.34622361547428276,
    "epoch_42": 0.3462423263573124,
    "epoch_43": 0.34579794563692295,
    "epoch_44": 0.34578740511334566,
    "epoch_45": 0.3457817825257879,
    "epoch_46": 0.34577736861589187,
    "epoch_47": 0.34577343405599736,
    "epoch_48": 0.3457700699115483,
    "epoch_49": 0.34576735428171657,
    "epoch_50": 0.34576467287681156,
    "epoch_51": 0.34576309420809176,
    "epoch_52": 0.34576009598389446,
    "epoch_53": 0.3457579706209707,
    "epoch_54": 0.34575619715663275,
    "epoch_55": 0.34575451737109564,
    "epoch_56": 0.3457528812085195,
    "epoch_57": 0.3457516142328915,
    "epoch_58": 0.3457501932702217,
    "epoch_59": 0.3457489092072588,
    "epoch_60": 0.34574779732432376,
    "epoch_61": 0.3457466986589448,
    "epoch_62": 0.3457456307507687,
    "epoch_63": 0.34574467049280266,
    "epoch_64": 0.34574376607021634,
    "epoch_65": 0.3457429440688926,
    "epoch_66": 0.34574214463290237,
    "epoch_67": 0.34574136484734724,
    "epoch_68": 0.3457406830626837,
    "epoch_69": 0.3457399660982129,
    "epoch_70": 0.34573932999704177,
    "epoch_71": 0.3457387231453675,
    "epoch_72": 0.34573811433367546,
    "epoch_73": 0.34573750924099156,
    "epoch_74": 0.34573699395732976,
    "epoch_75": 0.3457364980728188,
    "epoch_76": 0.3457359874630457,
    "epoch_77": 0.34573544956379354,
    "epoch_78": 0.3457351282213832,
    "epoch_79": 0.34573456082134985,
    "epoch_80": 0.3457341329846374,
    "epoch_81": 0.34573372504964445,
    "epoch_82": 0.3457332859553937,
    "epoch_83": 0.3457329368711925,
    "epoch_84": 0.34573257431815085,
    "epoch_85": 0.34573227961188024,
    "epoch_86": 0.3457319567617638,
    "epoch_87": 0.3457316255187506,
    "epoch_88": 0.34573133548636864,
    "epoch_89": 0.3457310442980787,
    "epoch_90": 0.34573076105037387,
    "epoch_91": 0.3457304986090121,
    "epoch_92": 0.3457302650150923,
    "epoch_93": 0.34573000493580336,
    "epoch_94": 0.3457297707388011,
    "epoch_95": 0.3457295341797261,
    "epoch_96": 0.3457293193818747,
    "epoch_97": 0.3457291233800917,
    "epoch_98": 0.3457289326050229,
    "epoch_99": 0.34572872589852716,
    "epoch_100": 0.34572854813998705,
    "epoch_101": 0.3457283680193742,
    "epoch_102": 0.3457281945326678,
    "epoch_103": 0.34572804310872624,
    "epoch_104": 0.3457278702753591,
    "epoch_105": 0.3457277271438007,
    "epoch_106": 0.34572757516703356,
    "epoch_107": 0.34572744399660954,
    "epoch_108": 0.3457272929244661,
    "epoch_109": 0.34572718371629313,
    "epoch_110": 0.34572705651616165,
    "epoch_111": 0.345726924441114,
    "epoch_112": 0.3457268088503189,
    "epoch_113": 0.3457267052206583,
    "epoch_114": 0.3457265910370555,
    "epoch_115": 0.3457264936392464,
    "epoch_116": 0.34572639960864743,
    "epoch_117": 0.34572630316571884,
    "epoch_118": 0.3457262211465112,
    "epoch_119": 0.34572613430264426,
    "epoch_120": 0.34572604494593395,
    "epoch_121": 0.34572596046413984,
    "epoch_122": 0.34572588492806805,
    "epoch_123": 0.3457258134125457,
    "epoch_124": 0.3457257495360672,
    "epoch_125": 0.3457256887252576,
    "epoch_126": 0.34572560751015985,
    "epoch_127": 0.3457255553937883,
    "epoch_128": 0.34572548774804474,
    "epoch_129": 0.3457254322142062,
    "epoch_130": 0.3457253791429542,
    "epoch_131": 0.3457253228552627,
    "epoch_132": 0.3457252802374391,
    "epoch_133": 0.34572522977954423,
    "epoch_134": 0.34572518419656545,
    "epoch_135": 0.3457251340904686,
    "epoch_136": 0.34572508805517804,
    "epoch_137": 0.34572504156757566,
    "epoch_138": 0.345725000507715,
    "epoch_139": 0.3457249577391208,
    "epoch_140": 0.34572491517155407,
    "epoch_141": 0.34572488798258877,
    "epoch_142": 0.3457248564715329,
    "epoch_143": 0.34572482420662404,
    "epoch_144": 0.3457247849057537,
    "epoch_145": 0.3457247615865672,
    "epoch_146": 0.34572473188475855,
    "epoch_147": 0.34572470288654605,
    "epoch_148": 0.34572468293456965,
    "epoch_149": 0.345724653232761,
    "epoch_150": 0.3457246256919977
}