{
    "epoch_1": 0.6814626685483459,
    "epoch_2": 0.6344017743260221,
    "epoch_3": 0.605966022505125,
    "epoch_4": 0.5832688165153259,
    "epoch_5": 0.5726393822071725,
    "epoch_6": 0.5588102013023466,
    "epoch_7": 0.5538075761288455,
    "epoch_8": 0.5314974739619893,
    "epoch_9": 0.5184853888583224,
    "epoch_10": 0.5172023032407134,
    "epoch_11": 0.5355918268228663,
    "epoch_12": 0.4878471994279408,
    "epoch_13": 0.49838662036956866,
    "epoch_14": 0.4717275196746067,
    "epoch_15": 0.45186515441431363,
    "epoch_16": 0.4373345059447908,
    "epoch_17": 0.4298214665150763,
    "epoch_18": 0.4501067771376888,
    "epoch_19": 0.41400361030942073,
    "epoch_20": 0.40446023293731587,
    "epoch_21": 0.4010940753991447,
    "epoch_22": 0.39581757190858735,
    "epoch_23": 0.39081950995813536,
    "epoch_24": 0.3888416563177993,
    "epoch_25": 0.38379181753121583,
    "epoch_26": 0.3823414677612697,
    "epoch_27": 0.38388110986246426,
    "epoch_28": 0.3790677056143698,
    "epoch_29": 0.3942461822929511,
    "epoch_30": 0.3776677942899186,
    "epoch_31": 0.3728283076322501,
    "epoch_32": 0.37116968893080093,
    "epoch_33": 0.3672444196716328,
    "epoch_34": 0.3667555857971185,
    "epoch_35": 0.3677779988936992,
    "epoch_36": 0.3676294343668534,
    "epoch_37": 0.36461704572376874,
    "epoch_38": 0.36239380086654355,
    "epoch_39": 0.3612578989683476,
    "epoch_40": 0.3607715212474585,
    "epoch_41": 0.36039351663139174,
    "epoch_42": 0.3595977170772938,
    "epoch_43": 0.3593415528988155,
    "epoch_44": 0.3593136398325883,
    "epoch_45": 0.3592992402349314,
    "epoch_46": 0.35928977852527044,
    "epoch_47": 0.3592825921450256,
    "epoch_48": 0.3592765436807732,
    "epoch_49": 0.35927163710280574,
    "epoch_50": 0.3592676238406569,
    "epoch_51": 0.35926387492963074,
    "epoch_52": 0.3592607188486128,
    "epoch_53": 0.35925797758777867,
    "epoch_54": 0.35925552364545565,
    "epoch_55": 0.3592532076079769,
    "epoch_56": 0.35925090323009135,
    "epoch_57": 0.359248936578355,
    "epoch_58": 0.35924703249641854,
    "epoch_59": 0.3592453832168,
    "epoch_60": 0.35924367629255455,
    "epoch_61": 0.3592418305085843,
    "epoch_62": 0.3592403285821011,
    "epoch_63": 0.3592385360201535,
    "epoch_64": 0.3592368081890511,
    "epoch_65": 0.35923564434051514,
    "epoch_66": 0.35923385424115406,
    "epoch_67": 0.35923227878887376,
    "epoch_68": 0.35922974056578405,
    "epoch_69": 0.3592213364113845,
    "epoch_70": 0.3588138007595004,
    "epoch_71": 0.3588104143512591,
    "epoch_72": 0.3588091160153458,
    "epoch_73": 0.3588081794786212,
    "epoch_74": 0.3588070443267565,
    "epoch_75": 0.3588063260053503,
    "epoch_76": 0.35880565814183896,
    "epoch_77": 0.3588050405351951,
    "epoch_78": 0.35880958028828713,
    "epoch_79": 0.3588042149153769,
    "epoch_80": 0.35880351503824104,
    "epoch_81": 0.3588030544843079,
    "epoch_82": 0.35880255990647547,
    "epoch_83": 0.3588021604648931,
    "epoch_84": 0.35880178750867986,
    "epoch_85": 0.358801402289791,
    "epoch_86": 0.3588010189806631,
    "epoch_87": 0.35880070608140646,
    "epoch_88": 0.3588004064499628,
    "epoch_89": 0.35880012677049555,
    "epoch_90": 0.3587998399545531,
    "epoch_91": 0.35879957233673404,
    "epoch_92": 0.3587993237662677,
    "epoch_93": 0.3587990962534289,
    "epoch_94": 0.3587988450696054,
    "epoch_95": 0.3587986435898239,
    "epoch_96": 0.3587984565337633,
    "epoch_97": 0.35879824143437067,
    "epoch_98": 0.3587980596050243,
    "epoch_99": 0.3587978640052963,
    "epoch_100": 0.35879769876071615,
    "epoch_101": 0.35879751683085603,
    "epoch_102": 0.3587973650551164,
    "epoch_103": 0.35879722096867744,
    "epoch_104": 0.3587970774853209,
    "epoch_105": 0.3587969386758531,
    "epoch_106": 0.3587967899155255,
    "epoch_107": 0.3587966451757473,
    "epoch_108": 0.358796529283411,
    "epoch_109": 0.35879642484964047,
    "epoch_110": 0.3587962938802439,
    "epoch_111": 0.35879620572969845,
    "epoch_112": 0.35879610647238525,
    "epoch_113": 0.3587959797245656,
    "epoch_114": 0.3587959010223112,
    "epoch_115": 0.35879578136070983,
    "epoch_116": 0.35879568954141305,
    "epoch_117": 0.3587955990287948,
    "epoch_118": 0.35879553721284785,
    "epoch_119": 0.35879544629817467,
    "epoch_120": 0.3587953675456634,
    "epoch_121": 0.35879529015008754,
    "epoch_122": 0.3587952124529705,
    "epoch_123": 0.358795155763224,
    "epoch_124": 0.358795073140934,
    "epoch_125": 0.35879500800803377,
    "epoch_126": 0.3587949613696608,
    "epoch_127": 0.35879490297118083,
    "epoch_128": 0.3587948480404248,
    "epoch_129": 0.3587947935117236,
    "epoch_130": 0.35879474345588364,
    "epoch_131": 0.35879469541031833,
    "epoch_132": 0.3587946409318741,
    "epoch_133": 0.3587945819303117,
    "epoch_134": 0.3587945480069262,
    "epoch_135": 0.35879448744740094,
    "epoch_136": 0.3587944475434482,
    "epoch_137": 0.3587944106046506,
    "epoch_138": 0.3587943645191032,
    "epoch_139": 0.358794325519774,
    "epoch_140": 0.3587942955666811,
    "epoch_141": 0.3587942580248011,
    "epoch_142": 0.3587942183218758,
    "epoch_143": 0.3587941861072238,
    "epoch_144": 0.358794151530499,
    "epoch_145": 0.3587941155465819,
    "epoch_146": 0.35879408946326774,
    "epoch_147": 0.35879405111727786,
    "epoch_148": 0.3587940226718909,
    "epoch_149": 0.35879399080903696,
    "epoch_150": 0.3587939642734109
}