{
    "epoch_1": 0.6832827665351494,
    "epoch_2": 0.6557958360265117,
    "epoch_3": 0.6147786515559153,
    "epoch_4": 0.587392301623777,
    "epoch_5": 0.5821685208035963,
    "epoch_6": 0.554962337117573,
    "epoch_7": 0.5426553479736611,
    "epoch_8": 0.5234962008252715,
    "epoch_9": 0.5085205272920618,
    "epoch_10": 0.48791145725555807,
    "epoch_11": 0.4672356506222215,
    "epoch_12": 0.46075703512757865,
    "epoch_13": 0.44304484174183206,
    "epoch_14": 0.42733600087350776,
    "epoch_15": 0.4134873595547314,
    "epoch_16": 0.41616223584138123,
    "epoch_17": 0.47971514329741416,
    "epoch_18": 0.41194172175899524,
    "epoch_19": 0.3897028283968342,
    "epoch_20": 0.37869835131083934,
    "epoch_21": 0.3727473634692509,
    "epoch_22": 0.369836217185096,
    "epoch_23": 0.36783836372385137,
    "epoch_24": 0.3666670796843041,
    "epoch_25": 0.3662847731808989,
    "epoch_26": 0.36547932646929915,
    "epoch_27": 0.36605481735570433,
    "epoch_28": 0.3666145553777833,
    "epoch_29": 0.36516233082565447,
    "epoch_30": 0.3650560407172166,
    "epoch_31": 0.36408020437869415,
    "epoch_32": 0.36392626633732555,
    "epoch_33": 0.3636769809670633,
    "epoch_34": 0.36275432855644674,
    "epoch_35": 0.3627131796908419,
    "epoch_36": 0.3626907611576743,
    "epoch_37": 0.36267800345187645,
    "epoch_38": 0.3626668895476986,
    "epoch_39": 0.36266164665077427,
    "epoch_40": 0.3626539554402961,
    "epoch_41": 0.362648152129043,
    "epoch_42": 0.362644055541008,
    "epoch_43": 0.3626393446632823,
    "epoch_44": 0.3626357468746565,
    "epoch_45": 0.3626324407768893,
    "epoch_46": 0.36263002110974984,
    "epoch_47": 0.3626270186639757,
    "epoch_48": 0.3626245992983775,
    "epoch_49": 0.3626210329705507,
    "epoch_50": 0.36261646934544656,
    "epoch_51": 0.36380798931266567,
    "epoch_52": 0.38666197270607267,
    "epoch_53": 0.4982923552720583,
    "epoch_54": 0.4365192090882017,
    "epoch_55": 0.4479663831387563,
    "epoch_56": 0.43309373377145444,
    "epoch_57": 0.3823330571739911,
    "epoch_58": 0.36268056062180515,
    "epoch_59": 0.3586926745222552,
    "epoch_60": 0.35672488999607993,
    "epoch_61": 0.3546418944659563,
    "epoch_62": 0.35365797335542676,
    "epoch_63": 0.3534524267881757,
    "epoch_64": 0.35294560231205585,
    "epoch_65": 0.35231337061820905,
    "epoch_66": 0.35237817363232427,
    "epoch_67": 0.3508276132266799,
    "epoch_68": 0.35055288933782913,
    "epoch_69": 0.35010943314277304,
    "epoch_70": 0.35001508492040395,
    "epoch_71": 0.34999720885419927,
    "epoch_72": 0.3499871279296746,
    "epoch_73": 0.349980686406462,
    "epoch_74": 0.3499753177165985,
    "epoch_75": 0.34997164891501903,
    "epoch_76": 0.3499682708494177,
    "epoch_77": 0.34996559643021724,
    "epoch_78": 0.3499633650755601,
    "epoch_79": 0.3499612482563038,
    "epoch_80": 0.3499594784607172,
    "epoch_81": 0.3499579755290966,
    "epoch_82": 0.34995669071228064,
    "epoch_83": 0.3499554195150758,
    "epoch_84": 0.34995435768798067,
    "epoch_85": 0.34995336174763875,
    "epoch_86": 0.3499524860719806,
    "epoch_87": 0.3499517302589513,
    "epoch_88": 0.3499509011211524,
    "epoch_89": 0.3499501781258575,
    "epoch_90": 0.3499495703193028,
    "epoch_91": 0.3499491266014202,
    "epoch_92": 0.3499484358710342,
    "epoch_93": 0.3499478611837551,
    "epoch_94": 0.34994736178126346,
    "epoch_95": 0.34994690424274233,
    "epoch_96": 0.3499464529360728,
    "epoch_97": 0.34994591192089486,
    "epoch_98": 0.34994670557734536,
    "epoch_99": 0.34952612093085983,
    "epoch_100": 0.34952459020719157,
    "epoch_101": 0.34952406637986233,
    "epoch_102": 0.34952367869838696,
    "epoch_103": 0.3495233657991303,
    "epoch_104": 0.3495230743092992,
    "epoch_105": 0.34952281458180834,
    "epoch_106": 0.3495225768165685,
    "epoch_107": 0.3495223406595484,
    "epoch_108": 0.34952208917418376,
    "epoch_109": 0.3495217933120052,
    "epoch_110": 0.3495213551223781,
    "epoch_111": 0.34952026057806224,
    "epoch_112": 0.34952966107485867,
    "epoch_113": 0.35844655412847637,
    "epoch_114": 0.3947614863590285,
    "epoch_115": 0.3921085032202542,
    "epoch_116": 0.3752351700254476,
    "epoch_117": 0.370173736326208,
    "epoch_118": 0.3704016465963843,
    "epoch_119": 0.35364236286880596,
    "epoch_120": 0.35594609063150107,
    "epoch_121": 0.3541884668560897,
    "epoch_122": 0.3539185209881395,
    "epoch_123": 0.3560214900045733,
    "epoch_124": 0.3508696418387492,
    "epoch_125": 0.3472571708199146,
    "epoch_126": 0.3477613620874653,
    "epoch_127": 0.3460819094016218,
    "epoch_128": 0.3453820718681631,
    "epoch_129": 0.3449390194870368,
    "epoch_130": 0.34482201411189356,
    "epoch_131": 0.3445794973365372,
    "epoch_132": 0.34449491412402405,
    "epoch_133": 0.34447994451297675,
    "epoch_134": 0.344472811555782,
    "epoch_135": 0.3444691874325577,
    "epoch_136": 0.3444668488800023,
    "epoch_137": 0.3444656940274456,
    "epoch_138": 0.344464158881173,
    "epoch_139": 0.3444633069770131,
    "epoch_140": 0.34446264439047286,
    "epoch_141": 0.3444621448372106,
    "epoch_142": 0.34446173413808995,
    "epoch_143": 0.3444613899790617,
    "epoch_144": 0.3444611431675858,
    "epoch_145": 0.3444608230815971,
    "epoch_146": 0.3444584308547073,
    "epoch_147": 0.3440410881279693,
    "epoch_148": 0.34403951689726586,
    "epoch_149": 0.34403919857026755,
    "epoch_150": 0.3440390449350238
}