{
    "accuracy": 0.693929173693086,
    "precision": 0.6819620253164557,
    "recall": 0.7268128161888702,
    "f1_score": 0.7036734693877551,
    "roc_auc": 0.6939291736930859
}