{
    "accuracy": 0.7032040472175379,
    "precision": 0.6985172981878089,
    "recall": 0.715008431703204,
    "f1_score": 0.7066666666666667,
    "roc_auc": 0.7032040472175378
}