{
    "accuracy": 0.7141652613827993,
    "precision": 0.7235915492957746,
    "recall": 0.6930860033726813,
    "f1_score": 0.7080103359173127,
    "roc_auc": 0.7141652613827993
}