{
    "epoch_1": 0.6872161884863214,
    "epoch_2": 0.6515693863711682,
    "epoch_3": 0.6196312606574063,
    "epoch_4": 0.5809704908405442,
    "epoch_5": 0.5652626235801054,
    "epoch_6": 0.543200535994457,
    "epoch_7": 0.529489139380704,
    "epoch_8": 0.5125155257891459,
    "epoch_9": 0.4925084690731692,
    "epoch_10": 0.4742831625134112,
    "epoch_11": 0.45828678205788853,
    "epoch_12": 0.4409340363669108,
    "epoch_13": 0.43068560146423707,
    "epoch_14": 0.4187917511865317,
    "epoch_15": 0.4075828830640479,
    "epoch_16": 0.39884599993027836,
    "epoch_17": 0.3916842525024491,
    "epoch_18": 0.38718255885154845,
    "epoch_19": 0.383440495853922,
    "epoch_20": 0.38246308993622957,
    "epoch_21": 0.3816867829087269,
    "epoch_22": 0.3853244656779201,
    "epoch_23": 0.38064871863667743,
    "epoch_24": 0.3876484463731927,
    "epoch_25": 0.3792946967973288,
    "epoch_26": 0.37376789249569536,
    "epoch_27": 0.37221540825434,
    "epoch_28": 0.3713911318635366,
    "epoch_29": 0.3712484848786549,
    "epoch_30": 0.37120899488648257,
    "epoch_31": 0.37084632420156854,
    "epoch_32": 0.3708127802155583,
    "epoch_33": 0.3707825260468755,
    "epoch_34": 0.37077022223587497,
    "epoch_35": 0.3707616408426599,
    "epoch_36": 0.3707549839613428,
    "epoch_37": 0.37074875340883034,
    "epoch_38": 0.37074398546812526,
    "epoch_39": 0.3707394522117324,
    "epoch_40": 0.3707345442838937,
    "epoch_41": 0.3707296376008107,
    "epoch_42": 0.37071698939943887,
    "epoch_43": 0.3703400898410613,
    "epoch_44": 0.37032857719195417,
    "epoch_45": 0.37032437202442126,
    "epoch_46": 0.3703214851249174,
    "epoch_47": 0.37031905485923033,
    "epoch_48": 0.3703168006067774,
    "epoch_49": 0.370314917315441,
    "epoch_50": 0.3703132398396611,
    "epoch_51": 0.370311445883479,
    "epoch_52": 0.37030946248506447,
    "epoch_53": 0.37030211423774323,
    "epoch_54": 0.3699211063633961,
    "epoch_55": 0.36990993298201197,
    "epoch_56": 0.36990715088135745,
    "epoch_57": 0.36990565389514446,
    "epoch_58": 0.3699043798159404,
    "epoch_59": 0.3699033938976656,
    "epoch_60": 0.36990248443611173,
    "epoch_61": 0.36990169796598965,
    "epoch_62": 0.36990088432668206,
    "epoch_63": 0.369900105612345,
    "epoch_64": 0.3698989645065553,
    "epoch_65": 0.369895649554739,
    "epoch_66": 0.3915584216156159,
    "epoch_67": 0.4425005067304435,
    "epoch_68": 0.4528193519776126,
    "epoch_69": 0.43557347853978473,
    "epoch_70": 0.3953633723488773,
    "epoch_71": 0.3866775683131084,
    "epoch_72": 0.37585779543382575,
    "epoch_73": 0.37280164921140097,
    "epoch_74": 0.37441478374013937,
    "epoch_75": 0.37208373953539686,
    "epoch_76": 0.3677056495444363,
    "epoch_77": 0.3641358471778502,
    "epoch_78": 0.3639027422211735,
    "epoch_79": 0.36288175336328377,
    "epoch_80": 0.362713959872962,
    "epoch_81": 0.36266985691216097,
    "epoch_82": 0.3622987665086386,
    "epoch_83": 0.3622886191170857,
    "epoch_84": 0.3622846202438615,
    "epoch_85": 0.362278425693512,
    "epoch_86": 0.3622630583713332,
    "epoch_87": 0.3622591140519184,
    "epoch_88": 0.36487532439959575,
    "epoch_89": 0.36413340142453055,
    "epoch_90": 0.3638396307885886,
    "epoch_91": 0.364076285668645,
    "epoch_92": 0.3654525282871292,
    "epoch_93": 0.3639008268055667,
    "epoch_94": 0.3642912446734417,
    "epoch_95": 0.3656826770449259,
    "epoch_96": 0.3675765644833745,
    "epoch_97": 0.3660137087465769,
    "epoch_98": 0.3622287624811073,
    "epoch_99": 0.36248100512477766,
    "epoch_100": 0.36370917429406957,
    "epoch_101": 0.3642741596124258,
    "epoch_102": 0.3654384595562655,
    "epoch_103": 0.36435784781314284,
    "epoch_104": 0.36781423223545273,
    "epoch_105": 0.3633552102678751,
    "epoch_106": 0.3620240617947406,
    "epoch_107": 0.3604301078013148,
    "epoch_108": 0.359544886307544,
    "epoch_109": 0.3594680744960126,
    "epoch_110": 0.3594642664534021,
    "epoch_111": 0.3594619273900028,
    "epoch_112": 0.3594603180645939,
    "epoch_113": 0.3594589172357536,
    "epoch_114": 0.3594579213594337,
    "epoch_115": 0.35945694767327674,
    "epoch_116": 0.3594561762599102,
    "epoch_117": 0.3594555036849286,
    "epoch_118": 0.3594549067288517,
    "epoch_119": 0.35945437301593613,
    "epoch_120": 0.3594539041500015,
    "epoch_121": 0.35945347339273936,
    "epoch_122": 0.35945308924200065,
    "epoch_123": 0.3594527391544786,
    "epoch_124": 0.35945242238810743,
    "epoch_125": 0.3594521342511158,
    "epoch_126": 0.35945188000977757,
    "epoch_127": 0.3594516095866161,
    "epoch_128": 0.3594513957758984,
    "epoch_129": 0.35945117990654635,
    "epoch_130": 0.3594509814637732,
    "epoch_131": 0.35945079537280594,
    "epoch_132": 0.35945060930577627,
    "epoch_133": 0.3594504562726461,
    "epoch_134": 0.35945028416124214,
    "epoch_135": 0.3594501337612489,
    "epoch_136": 0.3594499213628501,
    "epoch_137": 0.3594492498171856,
    "epoch_138": 0.3594486427115628,
    "epoch_139": 0.35944835658533025,
    "epoch_140": 0.3594482263886785,
    "epoch_141": 0.3594480972931567,
    "epoch_142": 0.35944803864601627,
    "epoch_143": 0.35944797762905256,
    "epoch_144": 0.3594479535478186,
    "epoch_145": 0.35944788144774226,
    "epoch_146": 0.35944784953891035,
    "epoch_147": 0.35944780396170406,
    "epoch_148": 0.3594477463678184,
    "epoch_149": 0.3594477105810939,
    "epoch_150": 0.3594476752252464
}