{
    "epoch_1": 0.6836236760816501,
    "epoch_2": 0.6610790715489631,
    "epoch_3": 0.6245310245483646,
    "epoch_4": 0.5916048265356,
    "epoch_5": 0.5786417036135065,
    "epoch_6": 0.5583709551896279,
    "epoch_7": 0.556484107680951,
    "epoch_8": 0.5274740627679829,
    "epoch_9": 0.519275917100255,
    "epoch_10": 0.499149181652184,
    "epoch_11": 0.4800430400369636,
    "epoch_12": 0.4635281745522508,
    "epoch_13": 0.4503733411688745,
    "epoch_14": 0.4391595864928166,
    "epoch_15": 0.4180420877560883,
    "epoch_16": 0.406199711604308,
    "epoch_17": 0.39585494031241353,
    "epoch_18": 0.38483789209957436,
    "epoch_19": 0.38909136967613017,
    "epoch_20": 0.38164358819857713,
    "epoch_21": 0.38456541869763916,
    "epoch_22": 0.3740256342149346,
    "epoch_23": 0.3811638106563188,
    "epoch_24": 0.371479099129232,
    "epoch_25": 0.3684041361556852,
    "epoch_26": 0.36402763969307206,
    "epoch_27": 0.3628643987982471,
    "epoch_28": 0.36149850049474813,
    "epoch_29": 0.35885091588745255,
    "epoch_30": 0.3582057097126749,
    "epoch_31": 0.3593368286730152,
    "epoch_32": 0.3558850019822977,
    "epoch_33": 0.35544146363301277,
    "epoch_34": 0.35541538429001623,
    "epoch_35": 0.3545915260282373,
    "epoch_36": 0.3543673625141801,
    "epoch_37": 0.3543396535864217,
    "epoch_38": 0.35432365711504504,
    "epoch_39": 0.35431151516517034,
    "epoch_40": 0.3543036601039577,
    "epoch_41": 0.3542944468758393,
    "epoch_42": 0.35428681100358345,
    "epoch_43": 0.3542715905061349,
    "epoch_44": 0.3541748517006935,
    "epoch_45": 0.35502109719405167,
    "epoch_46": 0.3542063917175935,
    "epoch_47": 0.35396335125208955,
    "epoch_48": 0.35389847559543824,
    "epoch_49": 0.3538887709941956,
    "epoch_50": 0.3538829228422066,
    "epoch_51": 0.3538792719439648,
    "epoch_52": 0.3538758661096572,
    "epoch_53": 0.3538731292889941,
    "epoch_54": 0.3538708401257947,
    "epoch_55": 0.35386888469113265,
    "epoch_56": 0.3538671170745618,
    "epoch_57": 0.3538655464239224,
    "epoch_58": 0.3538641164033659,
    "epoch_59": 0.3538629359727693,
    "epoch_60": 0.3538617829377989,
    "epoch_61": 0.35386067746201877,
    "epoch_62": 0.3538597266254486,
    "epoch_63": 0.35385881608008574,
    "epoch_64": 0.3538579983781169,
    "epoch_65": 0.3538572651020922,
    "epoch_66": 0.35385653097594105,
    "epoch_67": 0.35385588587360145,
    "epoch_68": 0.35385523939429636,
    "epoch_69": 0.35385468278892934,
    "epoch_70": 0.35385411138417683,
    "epoch_71": 0.35385362553088817,
    "epoch_72": 0.3538531192027215,
    "epoch_73": 0.3538526707789466,
    "epoch_74": 0.3538521825788298,
    "epoch_75": 0.353851788862492,
    "epoch_76": 0.3538513980078477,
    "epoch_77": 0.35385102426349613,
    "epoch_78": 0.35385065140519195,
    "epoch_79": 0.3538503235437248,
    "epoch_80": 0.35384997286055164,
    "epoch_81": 0.35384966020557285,
    "epoch_82": 0.3538493627930032,
    "epoch_83": 0.35384907762943957,
    "epoch_84": 0.35384881765835735,
    "epoch_85": 0.3538485365179276,
    "epoch_86": 0.35384827552908826,
    "epoch_87": 0.3538480027582139,
    "epoch_88": 0.35384775053405915,
    "epoch_89": 0.3538474425727366,
    "epoch_90": 0.3538471552180018,
    "epoch_91": 0.35384641788292237,
    "epoch_92": 0.3539076164909614,
    "epoch_93": 0.49114561080932617,
    "epoch_94": 0.4689725643901664,
    "epoch_95": 0.461525671785737,
    "epoch_96": 0.4264928097584105,
    "epoch_97": 0.39059385508837685,
    "epoch_98": 0.38175113872142624,
    "epoch_99": 0.38522862549908626,
    "epoch_100": 0.3771848146361776,
    "epoch_101": 0.3685145195515197,
    "epoch_102": 0.3598777561984708,
    "epoch_103": 0.3565400840767707,
    "epoch_104": 0.3551268800524355,
    "epoch_105": 0.34896992450499925,
    "epoch_106": 0.34839177571084423,
    "epoch_107": 0.34801324709872733,
    "epoch_108": 0.34777931193119554,
    "epoch_109": 0.3451444235083663,
    "epoch_110": 0.34677978412556143,
    "epoch_111": 0.3477769871943923,
    "epoch_112": 0.34669781453210025,
    "epoch_113": 0.34485907458119147,
    "epoch_114": 0.343870716420174,
    "epoch_115": 0.34353319248697184,
    "epoch_116": 0.3432301114773166,
    "epoch_117": 0.3431425790391135,
    "epoch_118": 0.34305399421612964,
    "epoch_119": 0.34302596510198996,
    "epoch_120": 0.3430151416863625,
    "epoch_121": 0.3430104942482703,
    "epoch_122": 0.3430080260675851,
    "epoch_123": 0.3430057732083798,
    "epoch_124": 0.34300427108272674,
    "epoch_125": 0.34300189720621643,
    "epoch_126": 0.34298806139722604,
    "epoch_127": 0.34260618345428057,
    "epoch_128": 0.34260308863456684,
    "epoch_129": 0.3426013977688544,
    "epoch_130": 0.3426003377209614,
    "epoch_131": 0.34259944717153196,
    "epoch_132": 0.3425987421053392,
    "epoch_133": 0.34259811729827333,
    "epoch_134": 0.34259759957122726,
    "epoch_135": 0.34259714460985974,
    "epoch_136": 0.34259674399672096,
    "epoch_137": 0.3425963583146774,
    "epoch_138": 0.34259602246681053,
    "epoch_139": 0.3425957021606931,
    "epoch_140": 0.342595434083475,
    "epoch_141": 0.3425951807816951,
    "epoch_142": 0.3425949809181494,
    "epoch_143": 0.3425947212823283,
    "epoch_144": 0.34259452117931033,
    "epoch_145": 0.34259436110408015,
    "epoch_146": 0.3425941802546316,
    "epoch_147": 0.34259400469752,
    "epoch_148": 0.3425938473642471,
    "epoch_149": 0.34259367542316654,
    "epoch_150": 0.34259343492117883
}