{
    "epoch_1": 0.6871914288134592,
    "epoch_2": 0.6595188627141506,
    "epoch_3": 0.6230714367594092,
    "epoch_4": 0.5950165895057424,
    "epoch_5": 0.57896801540774,
    "epoch_6": 0.5559529745708081,
    "epoch_7": 0.5486917336478488,
    "epoch_8": 0.5276193856091421,
    "epoch_9": 0.5043701857100916,
    "epoch_10": 0.4927023011620814,
    "epoch_11": 0.49115452230240075,
    "epoch_12": 0.46661445857674877,
    "epoch_13": 0.44884864196283075,
    "epoch_14": 0.4406179856253034,
    "epoch_15": 0.4241409085274892,
    "epoch_16": 0.4197978832459249,
    "epoch_17": 0.4040333645178066,
    "epoch_18": 0.3962292343006885,
    "epoch_19": 0.3921846952865573,
    "epoch_20": 0.3977793129681104,
    "epoch_21": 0.3821726007339896,
    "epoch_22": 0.3789020002175642,
    "epoch_23": 0.3776469586148421,
    "epoch_24": 0.37477123400876683,
    "epoch_25": 0.3758349135104984,
    "epoch_26": 0.3711338415352778,
    "epoch_27": 0.3708005715633023,
    "epoch_28": 0.3702270898679118,
    "epoch_29": 0.3715143269949431,
    "epoch_30": 0.37284810616578284,
    "epoch_31": 0.37522432734900185,
    "epoch_32": 0.3713006315077103,
    "epoch_33": 0.3679725782442112,
    "epoch_34": 0.36725074620359915,
    "epoch_35": 0.3649839630755328,
    "epoch_36": 0.36401600941159534,
    "epoch_37": 0.36173765255342577,
    "epoch_38": 0.36135016542785664,
    "epoch_39": 0.3618573951716402,
    "epoch_40": 0.36081212538703467,
    "epoch_41": 0.3621995603046823,
    "epoch_42": 0.3708842574664032,
    "epoch_43": 0.368505789793941,
    "epoch_44": 0.37337125240918284,
    "epoch_45": 0.3684975609764032,
    "epoch_46": 0.36334443384502346,
    "epoch_47": 0.3596631432451269,
    "epoch_48": 0.3593133893081011,
    "epoch_49": 0.35916519113552525,
    "epoch_50": 0.35913800988488526,
    "epoch_51": 0.3591259960287208,
    "epoch_52": 0.35911908660753034,
    "epoch_53": 0.3591124749102234,
    "epoch_54": 0.35910737582745444,
    "epoch_55": 0.35910281265964944,
    "epoch_56": 0.35909881393992793,
    "epoch_57": 0.35909526607462466,
    "epoch_58": 0.35909192934003686,
    "epoch_59": 0.35908897748526053,
    "epoch_60": 0.3590865877916076,
    "epoch_61": 0.35908421410667507,
    "epoch_62": 0.35908263159018533,
    "epoch_63": 0.35908076266487615,
    "epoch_64": 0.3590791570512872,
    "epoch_65": 0.35907780683486035,
    "epoch_66": 0.35907647097479534,
    "epoch_67": 0.359075293537602,
    "epoch_68": 0.35907370807560346,
    "epoch_69": 0.35907125896888353,
    "epoch_70": 0.35906339024577866,
    "epoch_71": 0.36033410145222017,
    "epoch_72": 0.37553040240844504,
    "epoch_73": 0.44329136885424225,
    "epoch_74": 0.42760242229008016,
    "epoch_75": 0.392792397435768,
    "epoch_76": 0.37200758087438673,
    "epoch_77": 0.3687948766196287,
    "epoch_78": 0.3686458226091271,
    "epoch_79": 0.36386718773707755,
    "epoch_80": 0.35998129017288877,
    "epoch_81": 0.3611647925878826,
    "epoch_82": 0.3573316275810036,
    "epoch_83": 0.3559620569345222,
    "epoch_84": 0.36008586014021154,
    "epoch_85": 0.3575932457893428,
    "epoch_86": 0.35708756373080924,
    "epoch_87": 0.3619959822209689,
    "epoch_88": 0.35542774424346013,
    "epoch_89": 0.35469432588847777,
    "epoch_90": 0.3526997972368092,
    "epoch_91": 0.3515796609890418,
    "epoch_92": 0.3511227389903086,
    "epoch_93": 0.3510578764088425,
    "epoch_94": 0.35105446632390236,
    "epoch_95": 0.35104943789742277,
    "epoch_96": 0.3510462084464061,
    "epoch_97": 0.35104114409908804,
    "epoch_98": 0.350864773356517,
    "epoch_99": 0.3498343624183575,
    "epoch_100": 0.3494484991421897,
    "epoch_101": 0.3494394919560012,
    "epoch_102": 0.3493322945589423,
    "epoch_103": 0.3490995845913456,
    "epoch_104": 0.3490413527691781,
    "epoch_105": 0.3490343450805469,
    "epoch_106": 0.3490316304230412,
    "epoch_107": 0.349029949232008,
    "epoch_108": 0.34902294400994105,
    "epoch_109": 0.3482484826844301,
    "epoch_110": 0.34823921058205726,
    "epoch_111": 0.34822560943193154,
    "epoch_112": 0.34822394796143863,
    "epoch_113": 0.3482230803295042,
    "epoch_114": 0.34822242288236976,
    "epoch_115": 0.3482218408211018,
    "epoch_116": 0.3482213614814585,
    "epoch_117": 0.3482209590603042,
    "epoch_118": 0.34822061746510313,
    "epoch_119": 0.34822030933615,
    "epoch_120": 0.3482200466590313,
    "epoch_121": 0.3482198005054983,
    "epoch_122": 0.34821955357368045,
    "epoch_123": 0.3482193515788316,
    "epoch_124": 0.34821916452705165,
    "epoch_125": 0.34821900035684583,
    "epoch_126": 0.34821884884274884,
    "epoch_127": 0.34821868443307075,
    "epoch_128": 0.3482185498257151,
    "epoch_129": 0.3482184121052201,
    "epoch_130": 0.34821829972088986,
    "epoch_131": 0.3482181886416834,
    "epoch_132": 0.3482180818250832,
    "epoch_133": 0.34821797169179214,
    "epoch_134": 0.3482178825841653,
    "epoch_135": 0.34821779524863317,
    "epoch_136": 0.3482177038899671,
    "epoch_137": 0.34821763204829,
    "epoch_138": 0.3482175490831266,
    "epoch_139": 0.34821747732526476,
    "epoch_140": 0.34821739807192126,
    "epoch_141": 0.34821734549578726,
    "epoch_142": 0.3482172625665446,
    "epoch_143": 0.34821720443465426,
    "epoch_144": 0.34821716852578927,
    "epoch_145": 0.34821709487609664,
    "epoch_146": 0.3482170362532881,
    "epoch_147": 0.3482169877122616,
    "epoch_148": 0.34821693053826025,
    "epoch_149": 0.3482168895885043,
    "epoch_150": 0.3482168449748228
}