{
    "accuracy": 0.7065916398713826,
    "precision": 0.7049441786283892,
    "recall": 0.7106109324758842,
    "f1_score": 0.7077662129703763,
    "roc_auc": 0.7065916398713826
}