{
    "accuracy": 0.6819277108433734,
    "precision": 0.6770670826833073,
    "recall": 0.6966292134831461,
    "f1_score": 0.6867088607594937,
    "roc_auc": 0.6819158929152065
}