{
    "accuracy": 0.7293172690763052,
    "precision": 0.7230046948356808,
    "recall": 0.7427652733118971,
    "f1_score": 0.732751784298176,
    "roc_auc": 0.7293280620171042
}