{
    "epoch_1": 0.5890288802262703,
    "epoch_2": 0.5322930896262094,
    "epoch_3": 0.5024607873083569,
    "epoch_4": 0.4844416819676179,
    "epoch_5": 0.4630093786607906,
    "epoch_6": 0.43622425007578897,
    "epoch_7": 0.42409563667657607,
    "epoch_8": 0.40796573367126876,
    "epoch_9": 0.4031152599074989,
    "epoch_10": 0.3931788872506526,
    "epoch_11": 0.3784169902487911,
    "epoch_12": 0.37950341828154877,
    "epoch_13": 0.39862146033806506,
    "epoch_14": 0.3743002902697552,
    "epoch_15": 0.3668463057752001,
    "epoch_16": 0.3748827831942155,
    "epoch_17": 0.3694147057517182,
    "epoch_18": 0.3601901263852948,
    "epoch_19": 0.3599622768756712,
    "epoch_20": 0.3683466399198439,
    "epoch_21": 0.3581291050673737,
    "epoch_22": 0.3545086055642236,
    "epoch_23": 0.35638698076116293,
    "epoch_24": 0.3546767328782588,
    "epoch_25": 0.3521514644007659,
    "epoch_26": 0.35496001882858663,
    "epoch_27": 0.352751445106873,
    "epoch_28": 0.3472889033075529,
    "epoch_29": 0.35131324322589536,
    "epoch_30": 0.35661879719610357,
    "epoch_31": 0.3667115462067557,
    "epoch_32": 0.3579427381792117,
    "epoch_33": 0.354461148657646,
    "epoch_34": 0.34959035940958316,
    "epoch_35": 0.34728315809323856,
    "epoch_36": 0.34828568590431147,
    "epoch_37": 0.3504651362739164,
    "epoch_38": 0.3604456554174825,
    "epoch_39": 0.40582547275252123,
    "epoch_40": 0.3912357240664014,
    "epoch_41": 0.3615402974326534,
    "epoch_42": 0.3590936914563782,
    "epoch_43": 0.3573181667878696,
    "epoch_44": 0.3613742486923983,
    "epoch_45": 0.35120193768311514,
    "epoch_46": 0.3482760341734347,
    "epoch_47": 0.3525984043516156,
    "epoch_48": 0.35983495567540497,
    "epoch_49": 0.3582218413007199,
    "epoch_50": 0.34840113824173735,
    "epoch_51": 0.345759202215764,
    "epoch_52": 0.3499360414218742,
    "epoch_53": 0.3530431151591103,
    "epoch_54": 0.3469708504604449,
    "epoch_55": 0.34673799179858744,
    "epoch_56": 0.3558399128974188,
    "epoch_57": 0.35595404423308413,
    "epoch_58": 0.3502286562027055,
    "epoch_59": 0.34396361721707835,
    "epoch_60": 0.3453790150444584,
    "epoch_61": 0.3512530127826067,
    "epoch_62": 0.34918929171602403,
    "epoch_63": 0.34546592967305173,
    "epoch_64": 0.34268837353029297,
    "epoch_65": 0.3529776974029927,
    "epoch_66": 0.36673132203280623,
    "epoch_67": 0.35706785617751174,
    "epoch_68": 0.35283732876608787,
    "epoch_69": 0.3479726360780996,
    "epoch_70": 0.35289388945291655,
    "epoch_71": 0.35230860380458995,
    "epoch_72": 0.3513416397631872,
    "epoch_73": 0.3470016661623075,
    "epoch_74": 0.3422857080704044,
    "epoch_75": 0.34581102267485647,
    "epoch_76": 0.34286997692178917,
    "epoch_77": 0.34332325828417154,
    "epoch_78": 0.34476609414986775,
    "epoch_79": 0.3441375039681214,
    "epoch_80": 0.3430919600980479,
    "epoch_81": 0.3396102744853517,
    "epoch_82": 0.34023034371573846,
    "epoch_83": 0.34070334526981916,
    "epoch_84": 0.35403089820836087,
    "epoch_85": 0.37073297343808925,
    "epoch_86": 0.37564899989766576,
    "epoch_87": 0.3535985562692806,
    "epoch_88": 0.3565996710405784,
    "epoch_89": 0.35276332673495775,
    "epoch_90": 0.37103915043665225,
    "epoch_91": 0.35971388828895146,
    "epoch_92": 0.3579165977732126,
    "epoch_93": 0.35784025457617,
    "epoch_94": 0.3567013274155821,
    "epoch_95": 0.3503575578306819,
    "epoch_96": 0.35705150741750835,
    "epoch_97": 0.450090619605066,
    "epoch_98": 0.4015137869833292,
    "epoch_99": 0.3705983817275821,
    "epoch_100": 0.36720943531338723,
    "epoch_101": 0.3733978862505136,
    "epoch_102": 0.3767468726253027,
    "epoch_103": 0.36641593707150594,
    "epoch_104": 0.38482512551254605,
    "epoch_105": 0.3759947420171702,
    "epoch_106": 0.369737882638259,
    "epoch_107": 0.37327361126975306,
    "epoch_108": 0.40071641795751817,
    "epoch_109": 0.36196570126041394,
    "epoch_110": 0.3914012376212752,
    "epoch_111": 0.3850845377923666,
    "epoch_112": 0.3717147224468083,
    "epoch_113": 0.3749539741577226,
    "epoch_114": 0.35817324793559907,
    "epoch_115": 0.3562534388161027,
    "epoch_116": 0.3626324579647379,
    "epoch_117": 0.3635593057683909,
    "epoch_118": 0.35803170228285897,
    "epoch_119": 0.36328037894797366,
    "epoch_120": 0.36529413926058635,
    "epoch_121": 0.37148242676237986,
    "epoch_122": 0.39658737062000704,
    "epoch_123": 0.37976695514247955,
    "epoch_124": 0.36199493412223677,
    "epoch_125": 0.3684047356021746,
    "epoch_126": 0.3616272522667407,
    "epoch_127": 0.3758189595770876,
    "epoch_128": 0.41245212804205705,
    "epoch_129": 0.3757020166712306,
    "epoch_130": 0.37652304602714654,
    "epoch_131": 0.3749770352249403,
    "epoch_132": 0.3721481161616102,
    "epoch_133": 0.3714535145896281,
    "epoch_134": 0.366246279938426,
    "epoch_135": 0.36779233235331854,
    "epoch_136": 0.36376928659956936,
    "epoch_137": 0.3655106908756404,
    "epoch_138": 0.36744101915954536,
    "epoch_139": 0.36476348061585706,
    "epoch_140": 0.3538787065428787,
    "epoch_141": 0.37656784414440947,
    "epoch_142": 0.3920815027182259,
    "epoch_143": 0.37313988478147564,
    "epoch_144": 0.36784377508179533,
    "epoch_145": 0.37834479475101773,
    "epoch_146": 0.37228428714391953,
    "epoch_147": 0.369485603014092,
    "epoch_148": 0.3660633027252017,
    "epoch_149": 0.3942197575335961,
    "epoch_150": 0.3700535691407639
}