{
    "epoch_1": 0.5851427669468858,
    "epoch_2": 0.5390956460122918,
    "epoch_3": 0.5066517824668305,
    "epoch_4": 0.47920341822389406,
    "epoch_5": 0.46473419093361995,
    "epoch_6": 0.44100076543138966,
    "epoch_7": 0.4336100673494612,
    "epoch_8": 0.4414702159357312,
    "epoch_9": 0.41106457714286665,
    "epoch_10": 0.3989277936857426,
    "epoch_11": 0.3955856875263619,
    "epoch_12": 0.398525734424189,
    "epoch_13": 0.3819325663790132,
    "epoch_14": 0.3755656756196818,
    "epoch_15": 0.37690863817377396,
    "epoch_16": 0.3706041759423422,
    "epoch_17": 0.3659230009299306,
    "epoch_18": 0.36354135099993184,
    "epoch_19": 0.3672093405289352,
    "epoch_20": 0.3674384318354962,
    "epoch_21": 0.3709175787727909,
    "epoch_22": 0.373343084554045,
    "epoch_23": 0.3650298122611858,
    "epoch_24": 0.3581401400682697,
    "epoch_25": 0.3652571526184854,
    "epoch_26": 0.36866769953481665,
    "epoch_27": 0.3694734498984094,
    "epoch_28": 0.3655664231785232,
    "epoch_29": 0.36172607596366846,
    "epoch_30": 0.3618564807242929,
    "epoch_31": 0.3632369342984076,
    "epoch_32": 0.37279730748768397,
    "epoch_33": 0.35689929127693176,
    "epoch_34": 0.35560842338340076,
    "epoch_35": 0.3558492636399165,
    "epoch_36": 0.36355659566681464,
    "epoch_37": 0.3523763814221747,
    "epoch_38": 0.3780483071257252,
    "epoch_39": 0.35878399195397687,
    "epoch_40": 0.3582199184729719,
    "epoch_41": 0.36485284808112234,
    "epoch_42": 0.368953174975831,
    "epoch_43": 0.3551015403580304,
    "epoch_44": 0.3595738521514815,
    "epoch_45": 0.35920767981125573,
    "epoch_46": 0.35474679607766074,
    "epoch_47": 0.35048989079653914,
    "epoch_48": 0.35704117400248175,
    "epoch_49": 0.3515230686628396,
    "epoch_50": 0.34862642967680857,
    "epoch_51": 0.35393698521046374,
    "epoch_52": 0.3498966947172786,
    "epoch_53": 0.3465417619499348,
    "epoch_54": 0.3523601593094773,
    "epoch_55": 0.3505216109209881,
    "epoch_56": 0.34999533824333656,
    "epoch_57": 0.3577793155110506,
    "epoch_58": 0.3595470319208367,
    "epoch_59": 0.3568135751238561,
    "epoch_60": 0.35249700448766325,
    "epoch_61": 0.353943707770079,
    "epoch_62": 0.350921923153316,
    "epoch_63": 0.3555264915221859,
    "epoch_64": 0.3577521332801896,
    "epoch_65": 0.3711087627816964,
    "epoch_66": 0.37263293290419686,
    "epoch_67": 0.3604409813277838,
    "epoch_68": 0.36368370920570464,
    "epoch_69": 0.36198937993427555,
    "epoch_70": 0.3682580667643684,
    "epoch_71": 0.3584779338129053,
    "epoch_72": 0.3718176824849532,
    "epoch_73": 0.3617129677664771,
    "epoch_74": 0.35323598875364204,
    "epoch_75": 0.3530007154503319,
    "epoch_76": 0.35970775353365764,
    "epoch_77": 0.36454729969545724,
    "epoch_78": 0.35582451816352983,
    "epoch_79": 0.35209705013448833,
    "epoch_80": 0.3693126637055138,
    "epoch_81": 0.3538087459680001,
    "epoch_82": 0.35280091645946793,
    "epoch_83": 0.35013621492691427,
    "epoch_84": 0.3510764493508041,
    "epoch_85": 0.3549029881395337,
    "epoch_86": 0.3522178103509681,
    "epoch_87": 0.36016837259971274,
    "epoch_88": 0.3700641876127426,
    "epoch_89": 0.3650429349826118,
    "epoch_90": 0.36195037100608596,
    "epoch_91": 0.37677448575854505,
    "epoch_92": 0.36755050233805564,
    "epoch_93": 0.36842865184024853,
    "epoch_94": 0.37015226015956165,
    "epoch_95": 0.3549301304664419,
    "epoch_96": 0.3590370497052223,
    "epoch_97": 0.35695547820343737,
    "epoch_98": 0.35590211255554405,
    "epoch_99": 0.35581960203675755,
    "epoch_100": 0.3554197465388409,
    "epoch_101": 0.3634461648950689,
    "epoch_102": 0.3792169116198715,
    "epoch_103": 0.37629613546657725,
    "epoch_104": 0.3671287772627343,
    "epoch_105": 0.36474328680344015,
    "epoch_106": 0.3803465468887535,
    "epoch_107": 0.40478271698268226,
    "epoch_108": 0.4071521887690784,
    "epoch_109": 0.4257081761126977,
    "epoch_110": 0.3917771053153387,
    "epoch_111": 0.3608200755127365,
    "epoch_112": 0.36415197897520274,
    "epoch_113": 0.3677774675780967,
    "epoch_114": 0.363374997753317,
    "epoch_115": 0.3649931737986624,
    "epoch_116": 0.37186420808152043,
    "epoch_117": 0.38059169064082743,
    "epoch_118": 0.3676745955899835,
    "epoch_119": 0.36043506750167925,
    "epoch_120": 0.3748045269192572,
    "epoch_121": 0.3643564669317982,
    "epoch_122": 0.36292231987539875,
    "epoch_123": 0.36302585987779384,
    "epoch_124": 0.37756654062319367,
    "epoch_125": 0.3755594064775245,
    "epoch_126": 0.36854624527099766,
    "epoch_127": 0.3648563368123458,
    "epoch_128": 0.3666839838832064,
    "epoch_129": 0.3635092668147352,
    "epoch_130": 0.3612622973488716,
    "epoch_131": 0.36663076025237523,
    "epoch_132": 0.4088017958613713,
    "epoch_133": 0.4443515708032386,
    "epoch_134": 0.3939315068581052,
    "epoch_135": 0.3782765047144126,
    "epoch_136": 0.3718365929380034,
    "epoch_137": 0.36115449797644783,
    "epoch_138": 0.3720459646559485,
    "epoch_139": 0.38398059282897895,
    "epoch_140": 0.3883698195671352,
    "epoch_141": 0.3954876960831589,
    "epoch_142": 0.3916662372585895,
    "epoch_143": 0.3941762358905091,
    "epoch_144": 0.4019931542732663,
    "epoch_145": 0.40048122079336224,
    "epoch_146": 0.3787653671348276,
    "epoch_147": 0.3761678588330042,
    "epoch_148": 0.37566781606883265,
    "epoch_149": 0.3740394925588701,
    "epoch_150": 0.37256884594992884
}