{
    "epoch_1": 0.5992375793183634,
    "epoch_2": 0.5545327928777891,
    "epoch_3": 0.5343917293653119,
    "epoch_4": 0.49749831199444966,
    "epoch_5": 0.4703838712650447,
    "epoch_6": 0.45473388093719996,
    "epoch_7": 0.43447341891806607,
    "epoch_8": 0.4244620709555949,
    "epoch_9": 0.4122380341888479,
    "epoch_10": 0.40091918667693566,
    "epoch_11": 0.3879367227699061,
    "epoch_12": 0.3941772061495918,
    "epoch_13": 0.3894711813275368,
    "epoch_14": 0.3830197989237047,
    "epoch_15": 0.3741221741520333,
    "epoch_16": 0.36630810086079835,
    "epoch_17": 0.36805581388143827,
    "epoch_18": 0.36013542123226855,
    "epoch_19": 0.3574236549977307,
    "epoch_20": 0.3600085280697422,
    "epoch_21": 0.3628309595745691,
    "epoch_22": 0.3620841682057759,
    "epoch_23": 0.3551621106885135,
    "epoch_24": 0.3612967984873368,
    "epoch_25": 0.36507765408511106,
    "epoch_26": 0.3663360160880708,
    "epoch_27": 0.35785567961495,
    "epoch_28": 0.3717333993059387,
    "epoch_29": 0.3614866301341966,
    "epoch_30": 0.36677460445320426,
    "epoch_31": 0.3611875273425503,
    "epoch_32": 0.35727069128625105,
    "epoch_33": 0.35491948324753503,
    "epoch_34": 0.3582890109107225,
    "epoch_35": 0.3533281720609327,
    "epoch_36": 0.351785625313828,
    "epoch_37": 0.35572539171923273,
    "epoch_38": 0.35058798556786164,
    "epoch_39": 0.35458772419677015,
    "epoch_40": 0.35969445436037006,
    "epoch_41": 0.3535726400089103,
    "epoch_42": 0.35258422864830313,
    "epoch_43": 0.3509853980794524,
    "epoch_44": 0.35212272757422464,
    "epoch_45": 0.35956414538933495,
    "epoch_46": 0.35656222344248933,
    "epoch_47": 0.3515200170658491,
    "epoch_48": 0.35007542266210456,
    "epoch_49": 0.3543791588000061,
    "epoch_50": 0.34659855251167515,
    "epoch_51": 0.3520925360626555,
    "epoch_52": 0.3486021777228602,
    "epoch_53": 0.34708887167764957,
    "epoch_54": 0.3540715702870644,
    "epoch_55": 0.34632005257308984,
    "epoch_56": 0.3487878860952882,
    "epoch_57": 0.34893603610349144,
    "epoch_58": 0.36910629372974674,
    "epoch_59": 0.3641006012288555,
    "epoch_60": 0.36081939905530086,
    "epoch_61": 0.3821566052621774,
    "epoch_62": 0.3639557005784162,
    "epoch_63": 0.36933926536904216,
    "epoch_64": 0.3692988082892175,
    "epoch_65": 0.3615754611576589,
    "epoch_66": 0.36214157401208735,
    "epoch_67": 0.3547986510632211,
    "epoch_68": 0.36262242126625666,
    "epoch_69": 0.3495344347736687,
    "epoch_70": 0.35688520060823903,
    "epoch_71": 0.3570576898163125,
    "epoch_72": 0.3563166764293111,
    "epoch_73": 0.3551934794672022,
    "epoch_74": 0.3501735079348791,
    "epoch_75": 0.3485275092856679,
    "epoch_76": 0.35143663881198955,
    "epoch_77": 0.37944766200614016,
    "epoch_78": 0.36514465724436873,
    "epoch_79": 0.3742486873726419,
    "epoch_80": 0.36587980163439127,
    "epoch_81": 0.36947087795296163,
    "epoch_82": 0.3594573987475133,
    "epoch_83": 0.36030223598769706,
    "epoch_84": 0.37112488412937467,
    "epoch_85": 0.3600830577477235,
    "epoch_86": 0.3707054370973404,
    "epoch_87": 0.3531791904523441,
    "epoch_88": 0.3576731199357803,
    "epoch_89": 0.35368935354242437,
    "epoch_90": 0.35306059545248397,
    "epoch_91": 0.35038876835049504,
    "epoch_92": 0.3543833924385187,
    "epoch_93": 0.3995808692645866,
    "epoch_94": 0.35659260391987996,
    "epoch_95": 0.35104607470321014,
    "epoch_96": 0.34788535477540145,
    "epoch_97": 0.3446856556212118,
    "epoch_98": 0.3438266427279725,
    "epoch_99": 0.3436152510860115,
    "epoch_100": 0.34319547436892683,
    "epoch_101": 0.34449798843711865,
    "epoch_102": 0.3433263050565028,
    "epoch_103": 0.3417543154743831,
    "epoch_104": 0.37660077852503243,
    "epoch_105": 0.354796380256923,
    "epoch_106": 0.3712002069109809,
    "epoch_107": 0.40607917911889785,
    "epoch_108": 0.3867375440581452,
    "epoch_109": 0.37952807520533494,
    "epoch_110": 0.365468194874704,
    "epoch_111": 0.3602678413937908,
    "epoch_112": 0.37283747815362117,
    "epoch_113": 0.35954128831474214,
    "epoch_114": 0.3766089744149734,
    "epoch_115": 0.3699831685167541,
    "epoch_116": 0.3628333143600927,
    "epoch_117": 0.3536002760592842,
    "epoch_118": 0.3580728319000836,
    "epoch_119": 0.3770509069725796,
    "epoch_120": 0.363057465416585,
    "epoch_121": 0.3572152376576982,
    "epoch_122": 0.3533557914762835,
    "epoch_123": 0.36146920527414766,
    "epoch_124": 0.35246154610664404,
    "epoch_125": 0.35218136949844747,
    "epoch_126": 0.3513915896616738,
    "epoch_127": 0.3617231367410335,
    "epoch_128": 0.356674287009601,
    "epoch_129": 0.3570333759459034,
    "epoch_130": 0.3545929107054892,
    "epoch_131": 0.3511943515597467,
    "epoch_132": 0.34824102704882826,
    "epoch_133": 0.3529443192039734,
    "epoch_134": 0.36148466207526786,
    "epoch_135": 0.3574695731897981,
    "epoch_136": 0.3624114065508014,
    "epoch_137": 0.3610864099724498,
    "epoch_138": 0.3650556615794087,
    "epoch_139": 0.37872320061791404,
    "epoch_140": 0.39973466673749697,
    "epoch_141": 0.3706556703348787,
    "epoch_142": 0.7043651366515264,
    "epoch_143": 0.7917323715570203,
    "epoch_144": 0.47970151680114903,
    "epoch_145": 0.44579109494239844,
    "epoch_146": 0.4063724442235937,
    "epoch_147": 0.41461916878492794,
    "epoch_148": 0.4421422921787024,
    "epoch_149": 0.4041299598816072,
    "epoch_150": 0.3705538465039927
}