{
    "accuracy": 0.7622259696458684,
    "precision": 0.7817028985507246,
    "recall": 0.7276559865092749,
    "f1_score": 0.7537117903930131,
    "roc_auc": 0.7622259696458685
}