{
    "accuracy": 0.7322934232715008,
    "precision": 0.7548566142460684,
    "recall": 0.688026981450253,
    "f1_score": 0.7198941332157036,
    "roc_auc": 0.7322934232715008
}