{
    "accuracy": 0.7622259696458684,
    "precision": 0.7622259696458684,
    "recall": 0.7622259696458684,
    "f1_score": 0.7622259696458684,
    "roc_auc": 0.7622259696458684
}