{
    "accuracy": 0.584,
    "test_loss": 0.7239550327062607,
    "precision": 0.8295454545454546,
    "recall": 1.168,
    "f1_score": 0.9700996677255218
}