{
    "accuracy": 0.9183333333333333,
    "test_loss": 0.39458040714263914,
    "precision": 1.842809364548495,
    "recall": 1.8366666666666667,
    "f1_score": 1.8397328880969117
}