{
    "accuracy": 0.595,
    "test_loss": 0.7166780385524034,
    "precision": 0.7212121212121212,
    "recall": 1.19,
    "f1_score": 0.8981132075001779
}