{
    "accuracy": 0.6960377628379345,
    "precision": 0.6608756896349337,
    "recall": 0.8053211271634959,
    "f1_score": 0.7259832366215345,
    "roc_auc": 0.6960377628379345
}