{
    "accuracy": 0.7079816907452439,
    "precision": 0.7021690767519466,
    "recall": 0.7223573165498498,
    "f1_score": 0.7121201438341677,
    "roc_auc": 0.7079816907452439
}