{
    "accuracy": 0.6960875473857377,
    "precision": 0.6820233669676049,
    "recall": 0.7348018881418967,
    "f1_score": 0.7074295944364112,
    "roc_auc": 0.6960847781195891
}