{
    "accuracy": 0.6865970533543126,
    "precision": 0.7065062529681811,
    "recall": 0.6383922185667287,
    "f1_score": 0.6707243763149985,
    "roc_auc": 0.6865970533543128
}