{
    "accuracy": 0.6926543165724912,
    "precision": 0.6728719989729105,
    "recall": 0.7497854077253219,
    "f1_score": 0.709249610934434,
    "roc_auc": 0.6926584026182038
}