{
    "epoch_1": 0.5966353184758713,
    "epoch_2": 0.5549112656868328,
    "epoch_3": 0.5339600953947231,
    "epoch_4": 0.5158569115711907,
    "epoch_5": 0.4870780276709423,
    "epoch_6": 0.47001381979824924,
    "epoch_7": 0.4506930048007386,
    "epoch_8": 0.4522330365434264,
    "epoch_9": 0.4278929124996192,
    "epoch_10": 0.4148383674794466,
    "epoch_11": 0.4115404128324724,
    "epoch_12": 0.4083468969817105,
    "epoch_13": 0.4011503489182329,
    "epoch_14": 0.3888581380072171,
    "epoch_15": 0.3921808512476202,
    "epoch_16": 0.39871697632900577,
    "epoch_17": 0.39283827334190097,
    "epoch_18": 0.42911664214343287,
    "epoch_19": 0.39331448731494795,
    "epoch_20": 0.3838775330812091,
    "epoch_21": 0.3775713450289496,
    "epoch_22": 0.3783296601466747,
    "epoch_23": 0.3884983804535504,
    "epoch_24": 0.3817680086595011,
    "epoch_25": 0.382060003371102,
    "epoch_26": 0.3886202342092086,
    "epoch_27": 0.37528257496642425,
    "epoch_28": 0.37695501561309597,
    "epoch_29": 0.3983475883031173,
    "epoch_30": 0.38671959999439887,
    "epoch_31": 0.3913013248580302,
    "epoch_32": 0.3730186277256044,
    "epoch_33": 0.365308582933516,
    "epoch_34": 0.3759646733333851,
    "epoch_35": 0.36323677166718454,
    "epoch_36": 0.38042383597029805,
    "epoch_37": 0.3766195336341054,
    "epoch_38": 0.39850123088436223,
    "epoch_39": 0.39754005487612487,
    "epoch_40": 0.3961209167818999,
    "epoch_41": 0.3808189543061474,
    "epoch_42": 0.43825243662219826,
    "epoch_43": 0.4064581703275291,
    "epoch_44": 0.42659151322926075,
    "epoch_45": 0.38400482849970236,
    "epoch_46": 0.3831456436777195,
    "epoch_47": 0.4673259974933193,
    "epoch_48": 0.41502575910513556,
    "epoch_49": 0.4145042045421986,
    "epoch_50": 0.4119268753777869,
    "epoch_51": 0.4058672682732394,
    "epoch_52": 0.40056237397467304,
    "epoch_53": 0.38620557501585445,
    "epoch_54": 0.39028796312378794,
    "epoch_55": 0.42205533465687783,
    "epoch_56": 0.4094415687992038,
    "epoch_57": 0.4569559901399918,
    "epoch_58": 0.4849892226479709,
    "epoch_59": 0.4734466590527539,
    "epoch_60": 0.542541349969465,
    "epoch_61": 0.503552670070735,
    "epoch_62": 0.5141610066464538,
    "epoch_63": 0.5646613186467156,
    "epoch_64": 0.5169177559435267,
    "epoch_65": 0.7219015462402549,
    "epoch_66": 0.7148044484260714,
    "epoch_67": 0.5278087031680456,
    "epoch_68": 0.52969855954635,
    "epoch_69": 0.5310373170580872,
    "epoch_70": 0.563893480656722,
    "epoch_71": 0.5697448798416035,
    "epoch_72": 0.5856082636932096,
    "epoch_73": 0.5764418295623882,
    "epoch_74": 0.7489545452353524,
    "epoch_75": 0.8095617598365571,
    "epoch_76": 0.8132618068643606,
    "epoch_77": 0.8132618058592231,
    "epoch_78": 0.8132618048540858,
    "epoch_79": 0.8132618048540858,
    "epoch_80": 0.8132618048540858,
    "epoch_81": 0.8132618044520309,
    "epoch_82": 0.8132618078694979,
    "epoch_83": 0.8132618052561408,
    "epoch_84": 0.8132618112869648,
    "epoch_85": 0.8132618078694979,
    "epoch_86": 0.8132618092766901,
    "epoch_87": 0.8132618050551133,
    "epoch_88": 0.8132618064623056,
    "epoch_89": 0.8132618074674429,
    "epoch_90": 0.8132618090756627,
    "epoch_91": 0.8132618068643606,
    "epoch_92": 0.813261807065388,
    "epoch_93": 0.8132618068643606,
    "epoch_94": 0.813261807065388,
    "epoch_95": 0.8132618058592231,
    "epoch_96": 0.8132618054571682,
    "epoch_97": 0.8132618072664155,
    "epoch_98": 0.8132618080705254,
    "epoch_99": 0.8132618072664155,
    "epoch_100": 0.8132618139003219,
    "epoch_101": 0.8132618054571682,
    "epoch_102": 0.8132618078694979,
    "epoch_103": 0.8132618106838825,
    "epoch_104": 0.8132618072664155,
    "epoch_105": 0.8132618052561408,
    "epoch_106": 0.8132618048540858,
    "epoch_107": 0.7578143710631745,
    "epoch_108": 0.5976156358172078,
    "epoch_109": 0.5725366325442747,
    "epoch_110": 0.5896148363012086,
    "epoch_111": 0.599042507940762,
    "epoch_112": 0.6068958224976847,
    "epoch_113": 0.604577111554588,
    "epoch_114": 0.6045771125597255,
    "epoch_115": 0.6045771109515057,
    "epoch_116": 0.6045771091422585,
    "epoch_117": 0.6045771103484232,
    "epoch_118": 0.6045771105494507,
    "epoch_119": 0.604577111956643,
    "epoch_120": 0.6045771123586979,
    "epoch_121": 0.6045771103484232,
    "epoch_122": 0.6045771121576705,
    "epoch_123": 0.6045771107504782,
    "epoch_124": 0.604577111956643,
    "epoch_125": 0.604577111956643,
    "epoch_126": 0.6045771099463683,
    "epoch_127": 0.6045771123586979,
    "epoch_128": 0.6045771113535606,
    "epoch_129": 0.6045771097453408,
    "epoch_130": 0.6045771105494507,
    "epoch_131": 0.6045771127607529,
    "epoch_132": 0.6045771103484232,
    "epoch_133": 0.6045771143689727,
    "epoch_134": 0.6045771107504782,
    "epoch_135": 0.6045771117556156,
    "epoch_136": 0.6045771109515057,
    "epoch_137": 0.6045771071319838,
    "epoch_138": 0.6045771107504782,
    "epoch_139": 0.6045771139669177,
    "epoch_140": 0.6045771099463683,
    "epoch_141": 0.6045771087402035,
    "epoch_142": 0.6045771111525331,
    "epoch_143": 0.6045771105494507,
    "epoch_144": 0.6045771103484232,
    "epoch_145": 0.6045771095443134,
    "epoch_146": 0.6045771091422585,
    "epoch_147": 0.6045771101473958,
    "epoch_148": 0.6045771111525331,
    "epoch_149": 0.6045771117556156,
    "epoch_150": 0.6045771103484232
}