{
    "epoch_1": 0.6082025202993196,
    "epoch_2": 0.5757772674246944,
    "epoch_3": 0.5619821969614464,
    "epoch_4": 0.5535872784171498,
    "epoch_5": 0.542843049382681,
    "epoch_6": 0.5298146867832486,
    "epoch_7": 0.5075126873803582,
    "epoch_8": 0.4868736073600904,
    "epoch_9": 0.47927608236695624,
    "epoch_10": 0.45466919768519987,
    "epoch_11": 0.448199880515142,
    "epoch_12": 0.4355292012679436,
    "epoch_13": 0.4319958199839568,
    "epoch_14": 0.42284065032688806,
    "epoch_15": 0.4180436702240981,
    "epoch_16": 0.4008506664638777,
    "epoch_17": 0.40619151437463485,
    "epoch_18": 0.38988184416273997,
    "epoch_19": 0.386234152528126,
    "epoch_20": 0.3886634037024255,
    "epoch_21": 0.3806972461948909,
    "epoch_22": 0.38354384265902874,
    "epoch_23": 0.3806991271084115,
    "epoch_24": 0.37765009733918947,
    "epoch_25": 0.37065737424371215,
    "epoch_26": 0.36570458614203016,
    "epoch_27": 0.3710649391953499,
    "epoch_28": 0.3836279196843731,
    "epoch_29": 0.38006130519242953,
    "epoch_30": 0.3771887346725239,
    "epoch_31": 0.37662965089434514,
    "epoch_32": 0.3757752357003661,
    "epoch_33": 0.37665538386791997,
    "epoch_34": 0.3900746186507291,
    "epoch_35": 0.40851500655507156,
    "epoch_36": 0.3949521973502978,
    "epoch_37": 0.3775820539632897,
    "epoch_38": 0.37539100461022246,
    "epoch_39": 0.37893385474034547,
    "epoch_40": 0.37800227128233116,
    "epoch_41": 0.36632136133629795,
    "epoch_42": 0.37552245144699314,
    "epoch_43": 0.3818258583847226,
    "epoch_44": 0.3852891295293933,
    "epoch_45": 0.3739291050080304,
    "epoch_46": 0.3738240098571295,
    "epoch_47": 0.37875406612433227,
    "epoch_48": 0.3671845202703299,
    "epoch_49": 0.3879037103906249,
    "epoch_50": 0.36920621016174304,
    "epoch_51": 0.3766826588227013,
    "epoch_52": 0.3746970572318838,
    "epoch_53": 0.37110372473176373,
    "epoch_54": 0.3670003123669359,
    "epoch_55": 0.39068650465590554,
    "epoch_56": 0.41343804113378413,
    "epoch_57": 0.3690778486443209,
    "epoch_58": 0.3665702023353384,
    "epoch_59": 0.38414561019780064,
    "epoch_60": 0.5046311607851347,
    "epoch_61": 0.43001181264148797,
    "epoch_62": 0.39183707447317356,
    "epoch_63": 0.3794922627144278,
    "epoch_64": 0.3792811452739355,
    "epoch_65": 0.3797726731678286,
    "epoch_66": 0.3672984055986292,
    "epoch_67": 0.4446874207127557,
    "epoch_68": 0.46406141410991675,
    "epoch_69": 0.41654697236484056,
    "epoch_70": 0.40926939580734023,
    "epoch_71": 0.39702043897184913,
    "epoch_72": 0.4942572184196009,
    "epoch_73": 0.5091330241694619,
    "epoch_74": 0.45606532637626684,
    "epoch_75": 0.49586645773852256,
    "epoch_76": 0.4077997177487481,
    "epoch_77": 0.4095115270622665,
    "epoch_78": 0.4064800686518619,
    "epoch_79": 0.4405889545785637,
    "epoch_80": 0.4540085056780965,
    "epoch_81": 0.4875551383772749,
    "epoch_82": 0.48388371519857476,
    "epoch_83": 0.4421105875333686,
    "epoch_84": 0.4615056964538954,
    "epoch_85": 0.4532242765113033,
    "epoch_86": 0.43546276450358196,
    "epoch_87": 0.4471901211429004,
    "epoch_88": 0.5071719579310683,
    "epoch_89": 0.4730595134160973,
    "epoch_90": 0.4971337122921196,
    "epoch_91": 0.5285778604510663,
    "epoch_92": 0.5559985633141676,
    "epoch_93": 0.4895858626442052,
    "epoch_94": 0.4846751040089593,
    "epoch_95": 0.4762511925291251,
    "epoch_96": 0.466663087298858,
    "epoch_97": 0.5047500172714761,
    "epoch_98": 0.6084234518506274,
    "epoch_99": 0.4882052188478473,
    "epoch_100": 0.7467066589334562,
    "epoch_101": 0.7660594416710016,
    "epoch_102": 0.6434848229659951,
    "epoch_103": 0.5307557982397321,
    "epoch_104": 0.5340139386927297,
    "epoch_105": 0.5739902627307287,
    "epoch_106": 0.6006952896086,
    "epoch_107": 0.6865471654255917,
    "epoch_108": 0.6622825874043958,
    "epoch_109": 0.5897569752362687,
    "epoch_110": 0.5246783865845023,
    "epoch_111": 0.5689354257981653,
    "epoch_112": 0.5682107592614063,
    "epoch_113": 0.5421848358935087,
    "epoch_114": 0.5719463389498789,
    "epoch_115": 0.6378375668750846,
    "epoch_116": 0.5511353854184207,
    "epoch_117": 0.5529578660330523,
    "epoch_118": 0.5590128916713077,
    "epoch_119": 0.571904258623493,
    "epoch_120": 0.571904259025548,
    "epoch_121": 0.5700071195727858,
    "epoch_122": 0.5689531602907744,
    "epoch_123": 0.5689531592856371,
    "epoch_124": 0.5689531610948843,
    "epoch_125": 0.5689531602907744,
    "epoch_126": 0.5689531584815272,
    "epoch_127": 0.5689531572753623,
    "epoch_128": 0.5691639528708755,
    "epoch_129": 0.5691639528708755,
    "epoch_130": 0.7476940549043137,
    "epoch_131": 0.8132618056581957,
    "epoch_132": 0.8132618086736078,
    "epoch_133": 0.813261803647921,
    "epoch_134": 0.8132618064623056,
    "epoch_135": 0.8132618068643606,
    "epoch_136": 0.8132618100808,
    "epoch_137": 0.813261804049976,
    "epoch_138": 0.8132618052561408,
    "epoch_139": 0.8132618082715528,
    "epoch_140": 0.8132618068643606,
    "epoch_141": 0.813261806663333,
    "epoch_142": 0.8132618080705254,
    "epoch_143": 0.813261806663333,
    "epoch_144": 0.8132618038489485,
    "epoch_145": 0.8132618060602507,
    "epoch_146": 0.8132618062612781,
    "epoch_147": 0.8132618062612781,
    "epoch_148": 0.8132618088746353,
    "epoch_149": 0.8132618062612781,
    "epoch_150": 0.8132618086736078
}