{
    "accuracy": 0.7069983136593592,
    "precision": 0.6323450134770889,
    "recall": 0.9890387858347386,
    "f1_score": 0.7714567576455114,
    "roc_auc": 0.7069983136593592
}