{
    "epoch_1": 0.5936194048831139,
    "epoch_2": 0.566978348983413,
    "epoch_3": 0.5560908399652135,
    "epoch_4": 0.5550783191121248,
    "epoch_5": 0.5680089577856594,
    "epoch_6": 0.5748608250374068,
    "epoch_7": 0.5711176553892915,
    "epoch_8": 0.5705316040943418,
    "epoch_9": 0.5672011824053549,
    "epoch_10": 0.5774616293856238,
    "epoch_11": 0.5682585992258274,
    "epoch_12": 0.5494899753776409,
    "epoch_13": 0.5494899761817508,
    "epoch_14": 0.549489976717824,
    "epoch_15": 0.5494899764497874,
    "epoch_16": 0.5494899749755859,
    "epoch_17": 0.5494899768518423,
    "epoch_18": 0.5494899784600621,
    "epoch_19": 0.5494899759137142,
    "epoch_20": 0.5494899760477324,
    "epoch_21": 0.5494899771198789,
    "epoch_22": 0.5494899765838057,
    "epoch_23": 0.5494899755116592,
    "epoch_24": 0.5494899752436225,
    "epoch_25": 0.5494899763157691,
    "epoch_26": 0.5494899749755859,
    "epoch_27": 0.5494899752436225,
    "epoch_28": 0.5494899765838057,
    "epoch_29": 0.5494899765838057,
    "epoch_30": 0.5494899753776409,
    "epoch_31": 0.5494899768518423,
    "epoch_32": 0.549489976717824,
    "epoch_33": 0.5494899749755859,
    "epoch_34": 0.5494899760477324,
    "epoch_35": 0.5494899765838057,
    "epoch_36": 0.5494899755116592,
    "epoch_37": 0.5494899764497874,
    "epoch_38": 0.5494899756456775,
    "epoch_39": 0.5494899757796958,
    "epoch_40": 0.5494899773879156,
    "epoch_41": 0.5494899752436225,
    "epoch_42": 0.5494899761817508,
    "epoch_43": 0.5494899753776409,
    "epoch_44": 0.5494899764497874,
    "epoch_45": 0.5494899756456775,
    "epoch_46": 0.5494899759137142,
    "epoch_47": 0.549489974171476,
    "epoch_48": 0.5494899753776409,
    "epoch_49": 0.5494899749755859,
    "epoch_50": 0.5494899761817508,
    "epoch_51": 0.5494899757796958,
    "epoch_52": 0.5494899756456775,
    "epoch_53": 0.5494899765838057,
    "epoch_54": 0.549489976717824,
    "epoch_55": 0.5494899768518423,
    "epoch_56": 0.5494899775219338,
    "epoch_57": 0.5494899755116592,
    "epoch_58": 0.5494899772538973,
    "epoch_59": 0.5494899748415676,
    "epoch_60": 0.5494899755116592,
    "epoch_61": 0.5494899760477324,
    "epoch_62": 0.5494899764497874,
    "epoch_63": 0.5494899752436225,
    "epoch_64": 0.5494899763157691,
    "epoch_65": 0.5494899760477324,
    "epoch_66": 0.5494899739034395,
    "epoch_67": 0.5494899752436225,
    "epoch_68": 0.5494899775219338,
    "epoch_69": 0.5494899747075493,
    "epoch_70": 0.5494899736354028,
    "epoch_71": 0.5494899753776409,
    "epoch_72": 0.5494899753776409,
    "epoch_73": 0.549489974573531,
    "epoch_74": 0.5494899760477324,
    "epoch_75": 0.549489974573531,
    "epoch_76": 0.549489976717824,
    "epoch_77": 0.5494899765838057,
    "epoch_78": 0.5494899761817508,
    "epoch_79": 0.5494899757796958,
    "epoch_80": 0.5494899764497874,
    "epoch_81": 0.549489974573531,
    "epoch_82": 0.5494899761817508,
    "epoch_83": 0.5494899752436225,
    "epoch_84": 0.5494899755116592,
    "epoch_85": 0.5494899761817508,
    "epoch_86": 0.5494899757796958,
    "epoch_87": 0.5494899755116592,
    "epoch_88": 0.5494899764497874,
    "epoch_89": 0.5494899764497874,
    "epoch_90": 0.5494899759137142,
    "epoch_91": 0.5494899765838057,
    "epoch_92": 0.5494899751096043,
    "epoch_93": 0.5494899768518423,
    "epoch_94": 0.5494899763157691,
    "epoch_95": 0.5494899764497874,
    "epoch_96": 0.5494899753776409,
    "epoch_97": 0.549489976717824,
    "epoch_98": 0.5494899748415676,
    "epoch_99": 0.5494899737694211,
    "epoch_100": 0.5494899768518423,
    "epoch_101": 0.5494899768518423,
    "epoch_102": 0.5494899765838057,
    "epoch_103": 0.5494899749755859,
    "epoch_104": 0.5494899759137142,
    "epoch_105": 0.549489976717824,
    "epoch_106": 0.5494899744395126,
    "epoch_107": 0.5494899768518423,
    "epoch_108": 0.5494899772538973,
    "epoch_109": 0.5494899760477324,
    "epoch_110": 0.5494899755116592,
    "epoch_111": 0.5494899772538973,
    "epoch_112": 0.5494899748415676,
    "epoch_113": 0.5494899773879156,
    "epoch_114": 0.5494899765838057,
    "epoch_115": 0.5494899749755859,
    "epoch_116": 0.5494899763157691,
    "epoch_117": 0.5494899769858607,
    "epoch_118": 0.5494899763157691,
    "epoch_119": 0.5494899776559522,
    "epoch_120": 0.5494899737694211,
    "epoch_121": 0.5494899752436225,
    "epoch_122": 0.5494899755116592,
    "epoch_123": 0.5494899775219338,
    "epoch_124": 0.5494899743054944,
    "epoch_125": 0.5494899759137142,
    "epoch_126": 0.5494899755116592,
    "epoch_127": 0.5494899740374577,
    "epoch_128": 0.5494899760477324,
    "epoch_129": 0.5494899737694211,
    "epoch_130": 0.5494899773879156,
    "epoch_131": 0.5494899764497874,
    "epoch_132": 0.549489976717824,
    "epoch_133": 0.5494899760477324,
    "epoch_134": 0.5494899757796958,
    "epoch_135": 0.5494899776559522,
    "epoch_136": 0.5494899773879156,
    "epoch_137": 0.5494899769858607,
    "epoch_138": 0.5494899780580071,
    "epoch_139": 0.5494899757796958,
    "epoch_140": 0.5494899763157691,
    "epoch_141": 0.5494899757796958,
    "epoch_142": 0.5494899751096043,
    "epoch_143": 0.5494899773879156,
    "epoch_144": 0.5494899757796958,
    "epoch_145": 0.5494899765838057,
    "epoch_146": 0.5494899761817508,
    "epoch_147": 0.5494899751096043,
    "epoch_148": 0.5494899752436225,
    "epoch_149": 0.5494899761817508,
    "epoch_150": 0.5494899757796958
}