{
    "epoch_1": 0.5160077842451871,
    "epoch_2": 0.49285849727828424,
    "epoch_3": 0.4865411593044253,
    "epoch_4": 0.5030103292674278,
    "epoch_5": 0.5243990982831899,
    "epoch_6": 0.519944113348896,
    "epoch_7": 0.5249275589940788,
    "epoch_8": 0.5230663636549595,
    "epoch_9": 0.506772655292198,
    "epoch_10": 0.5352000298293673,
    "epoch_11": 0.5797834517313832,
    "epoch_12": 0.550597925880372,
    "epoch_13": 0.5041616680315198,
    "epoch_14": 0.5288247614512623,
    "epoch_15": 0.5236139751137342,
    "epoch_16": 0.5046614152853109,
    "epoch_17": 0.5046614152183018,
    "epoch_18": 0.5046614162904484,
    "epoch_19": 0.5479015773303593,
    "epoch_20": 0.5439722293746009,
    "epoch_21": 0.6665006080258087,
    "epoch_22": 0.804456358749321,
    "epoch_23": 0.8132618053901591,
    "epoch_24": 0.8132618080705254,
    "epoch_25": 0.8132618056581957,
    "epoch_26": 0.8132618065963239,
    "epoch_27": 0.813261806194269,
    "epoch_28": 0.8132618071323972,
    "epoch_29": 0.8132618071323972,
    "epoch_30": 0.8132618074004337,
    "epoch_31": 0.8132618064623056,
    "epoch_32": 0.8132618068643606,
    "epoch_33": 0.813261807936507,
    "epoch_34": 0.8132618095447268,
    "epoch_35": 0.8132618059262323,
    "epoch_36": 0.8132618059262323,
    "epoch_37": 0.8132618069983788,
    "epoch_38": 0.8132618084725803,
    "epoch_39": 0.8132618074004337,
    "epoch_40": 0.8132618044520309,
    "epoch_41": 0.8132618056581957,
    "epoch_42": 0.8132618067303422,
    "epoch_43": 0.813261806194269,
    "epoch_44": 0.8132618069983788,
    "epoch_45": 0.8132618078024887,
    "epoch_46": 0.8132618064623056,
    "epoch_47": 0.8132618045860492,
    "epoch_48": 0.813261806194269,
    "epoch_49": 0.8132618071323972,
    "epoch_50": 0.8132618087406169,
    "epoch_51": 0.8132618051221224,
    "epoch_52": 0.8132618045860492,
    "epoch_53": 0.8132618060602507,
    "epoch_54": 0.8132618091426719,
    "epoch_55": 0.8132618080705254,
    "epoch_56": 0.8132618048540858,
    "epoch_57": 0.8132618069983788,
    "epoch_58": 0.8132618075344521,
    "epoch_59": 0.8132618028438111,
    "epoch_60": 0.8132618063282873,
    "epoch_61": 0.8132618069983788,
    "epoch_62": 0.8132618060602507,
    "epoch_63": 0.813261807936507,
    "epoch_64": 0.8132618090086535,
    "epoch_65": 0.8132618067303422,
    "epoch_66": 0.8132618072664155,
    "epoch_67": 0.8132618102148184,
    "epoch_68": 0.813261807936507,
    "epoch_69": 0.8132618055241774,
    "epoch_70": 0.8132618063282873,
    "epoch_71": 0.8132618074004337,
    "epoch_72": 0.8132618053901591,
    "epoch_73": 0.8132618059262323,
    "epoch_74": 0.8132618072664155,
    "epoch_75": 0.8132618051221224,
    "epoch_76": 0.8132618094107085,
    "epoch_77": 0.8132618086065986,
    "epoch_78": 0.8132618055241774,
    "epoch_79": 0.8132618075344521,
    "epoch_80": 0.8132618067303422,
    "epoch_81": 0.813261807936507,
    "epoch_82": 0.8132618065963239,
    "epoch_83": 0.8132618099467818,
    "epoch_84": 0.8132618098127634,
    "epoch_85": 0.8132618063282873,
    "epoch_86": 0.8132618082045436,
    "epoch_87": 0.8132618087406169,
    "epoch_88": 0.8132618051221224,
    "epoch_89": 0.8132618076684704,
    "epoch_90": 0.8132618064623056,
    "epoch_91": 0.8132618060602507,
    "epoch_92": 0.8132618051221224,
    "epoch_93": 0.8132618064623056,
    "epoch_94": 0.8132618064623056,
    "epoch_95": 0.8132618053901591,
    "epoch_96": 0.8132618059262323,
    "epoch_97": 0.8132618065963239,
    "epoch_98": 0.8132618027097929,
    "epoch_99": 0.8132618053901591,
    "epoch_100": 0.8132618064623056,
    "epoch_101": 0.8132618060602507,
    "epoch_102": 0.8132618067303422,
    "epoch_103": 0.813261806194269,
    "epoch_104": 0.8132618084725803,
    "epoch_105": 0.8132618078024887,
    "epoch_106": 0.8132618055241774,
    "epoch_107": 0.8132618082045436,
    "epoch_108": 0.8132618065963239,
    "epoch_109": 0.8132618067303422,
    "epoch_110": 0.813261808338562,
    "epoch_111": 0.8132618029778295,
    "epoch_112": 0.8132618094107085,
    "epoch_113": 0.8132618072664155,
    "epoch_114": 0.8132618084725803,
    "epoch_115": 0.8132618071323972,
    "epoch_116": 0.8132618056581957,
    "epoch_117": 0.8132618095447268,
    "epoch_118": 0.8132618072664155,
    "epoch_119": 0.8132618084725803,
    "epoch_120": 0.8132618092766901,
    "epoch_121": 0.813261810482855,
    "epoch_122": 0.8132618074004337,
    "epoch_123": 0.8132618048540858,
    "epoch_124": 0.8132618060602507,
    "epoch_125": 0.8132618080705254,
    "epoch_126": 0.8132618075344521,
    "epoch_127": 0.8132618072664155,
    "epoch_128": 0.8132618071323972,
    "epoch_129": 0.8132618074004337,
    "epoch_130": 0.8132618052561408,
    "epoch_131": 0.8132618078024887,
    "epoch_132": 0.8132618055241774,
    "epoch_133": 0.8132618053901591,
    "epoch_134": 0.8132618060602507,
    "epoch_135": 0.8132618048540858,
    "epoch_136": 0.8132618069983788,
    "epoch_137": 0.8132618078024887,
    "epoch_138": 0.813261803245866,
    "epoch_139": 0.8132618065963239,
    "epoch_140": 0.8132618075344521,
    "epoch_141": 0.8132618075344521,
    "epoch_142": 0.8132618071323972,
    "epoch_143": 0.8132618069983788,
    "epoch_144": 0.8132618078024887,
    "epoch_145": 0.8132618047200675,
    "epoch_146": 0.8132618057922141,
    "epoch_147": 0.8132618051221224,
    "epoch_148": 0.8132618095447268,
    "epoch_149": 0.8132618059262323,
    "epoch_150": 0.8132618056581957
}