{
    "accuracy": 0.7560427206295671,
    "precision": 0.6796844181459566,
    "recall": 0.968521641371557,
    "f1_score": 0.798794622160408,
    "roc_auc": 0.7560427206295672
}