{
    "accuracy": 0.6751537691317409,
    "precision": 0.6366681554265297,
    "recall": 0.8157367668097282,
    "f1_score": 0.715163677411263,
    "roc_auc": 0.6751738753957108
}