{
    "accuracy": 0.6993277070519239,
    "precision": 0.7221690590111642,
    "recall": 0.6477825464949929,
    "f1_score": 0.6829562594268477,
    "roc_auc": 0.6993203350323935
}