{
    "accuracy": 0.7083392933771993,
    "precision": 0.7104046242774567,
    "recall": 0.7032904148783977,
    "f1_score": 0.7068296189791516,
    "roc_auc": 0.7083385712835925
}