{
    "accuracy": 0.7044771849520812,
    "precision": 0.7104565537555229,
    "recall": 0.6901287553648069,
    "f1_score": 0.700145137880987,
    "roc_auc": 0.7044751328311448
}