{
    "accuracy": 0.701859799713877,
    "precision": 0.6686588572794645,
    "recall": 0.8002861230329041,
    "f1_score": 0.7285751497785882,
    "roc_auc": 0.701859799713877
}