{
    "accuracy": 0.6978972965241024,
    "precision": 0.6771633384536611,
    "recall": 0.756578947368421,
    "f1_score": 0.7146717103485545,
    "roc_auc": 0.6978889014381446
}