{
    "accuracy": 0.7048640915593706,
    "precision": 0.6942485078676072,
    "recall": 0.7321888412017168,
    "f1_score": 0.7127141066703802,
    "roc_auc": 0.7048640915593706
}