{
    "accuracy": 0.6800171649263339,
    "precision": 0.7263574253865516,
    "recall": 0.5778032036613272,
    "f1_score": 0.6436195634857416,
    "roc_auc": 0.680031787810635
}