{
    "accuracy": 0.6875983407237878,
    "precision": 0.716787838730998,
    "recall": 0.6204233409610984,
    "f1_score": 0.6651333946642134,
    "roc_auc": 0.6876079508811215
}