{
    "accuracy": 0.698469460735231,
    "precision": 0.7259114583333334,
    "recall": 0.6378718535469108,
    "f1_score": 0.6790499390986602,
    "roc_auc": 0.6984781299208087
}