{
    "epoch_1": 0.6280425192140584,
    "epoch_2": 0.5832714715199389,
    "epoch_3": 0.5612806525689289,
    "epoch_4": 0.5423698907887454,
    "epoch_5": 0.5263662045061582,
    "epoch_6": 0.5110258627659611,
    "epoch_7": 0.49800159646044884,
    "epoch_8": 0.48588113817424133,
    "epoch_9": 0.4747171406251305,
    "epoch_10": 0.4635980932230312,
    "epoch_11": 0.45338875886938906,
    "epoch_12": 0.44280505787425467,
    "epoch_13": 0.4334804655161597,
    "epoch_14": 0.42498162658230004,
    "epoch_15": 0.4182962361655641,
    "epoch_16": 0.41271900214534357,
    "epoch_17": 0.4075313801588608,
    "epoch_18": 0.4030371183769363,
    "epoch_19": 0.3988442183941325,
    "epoch_20": 0.39503507145108596,
    "epoch_21": 0.39445250203385823,
    "epoch_22": 0.39027470455884006,
    "epoch_23": 0.3883539629458733,
    "epoch_24": 0.3863595870543595,
    "epoch_25": 0.38505753402639536,
    "epoch_26": 0.38323869894546136,
    "epoch_27": 0.38071752796420183,
    "epoch_28": 0.37982370118741354,
    "epoch_29": 0.3794932820855968,
    "epoch_30": 0.3779049864968649,
    "epoch_31": 0.37771910112038776,
    "epoch_32": 0.3768911387049171,
    "epoch_33": 0.37559903264088346,
    "epoch_34": 0.3747981722802601,
    "epoch_35": 0.37311497555224804,
    "epoch_36": 0.37304281047927557,
    "epoch_37": 0.371669840439448,
    "epoch_38": 0.37144067744620773,
    "epoch_39": 0.36968899746780653,
    "epoch_40": 0.3701718031690769,
    "epoch_41": 0.3683381246195899,
    "epoch_42": 0.3688240297655859,
    "epoch_43": 0.3685421027298824,
    "epoch_44": 0.3674026895024697,
    "epoch_45": 0.36802373930257143,
    "epoch_46": 0.3682368226708787,
    "epoch_47": 0.3671285669300914,
    "epoch_48": 0.366215187424358,
    "epoch_49": 0.36490689491362793,
    "epoch_50": 0.3652471672922476
}