{
    "epoch_1": 0.628800360083288,
    "epoch_2": 0.5802490586310656,
    "epoch_3": 0.5577108724744542,
    "epoch_4": 0.5403842018916171,
    "epoch_5": 0.5260250572898049,
    "epoch_6": 0.5126255972392398,
    "epoch_7": 0.5000479504451936,
    "epoch_8": 0.48910499785018785,
    "epoch_9": 0.4769930509537283,
    "epoch_10": 0.4655337146494802,
    "epoch_11": 0.45528119781905846,
    "epoch_12": 0.44478161214731327,
    "epoch_13": 0.43710803504246126,
    "epoch_14": 0.4293247162581688,
    "epoch_15": 0.4230911209322726,
    "epoch_16": 0.4173598139404383,
    "epoch_17": 0.4119206885133707,
    "epoch_18": 0.4072221862857784,
    "epoch_19": 0.40407426373266314,
    "epoch_20": 0.4009864929301003,
    "epoch_21": 0.3977526521199738,
    "epoch_22": 0.39471100433249584,
    "epoch_23": 0.39308003482852794,
    "epoch_24": 0.3913600950021585,
    "epoch_25": 0.38867988483015287,
    "epoch_26": 0.3870603988302437,
    "epoch_27": 0.3854794612473659,
    "epoch_28": 0.38389551361713786,
    "epoch_29": 0.38367584070787714,
    "epoch_30": 0.3826299292859581,
    "epoch_31": 0.38115609908785175,
    "epoch_32": 0.3821395646843276,
    "epoch_33": 0.3798392486090117,
    "epoch_34": 0.3792937429567229,
    "epoch_35": 0.3780086167476557,
    "epoch_36": 0.3768342169421374,
    "epoch_37": 0.37665073080010175,
    "epoch_38": 0.37538020475553985,
    "epoch_39": 0.3744420367792551,
    "epoch_40": 0.37573606063694354,
    "epoch_41": 0.37574300387785686,
    "epoch_42": 0.3726966470596666,
    "epoch_43": 0.3731508299217851,
    "epoch_44": 0.3717785662206206,
    "epoch_45": 0.37182670620820085,
    "epoch_46": 0.3708386601972148,
    "epoch_47": 0.37112717437004933,
    "epoch_48": 0.3700091539268097,
    "epoch_49": 0.3700661668960435,
    "epoch_50": 0.36912404500413093
}