{
    "epoch_1": 0.6379176820270477,
    "epoch_2": 0.5833694716254108,
    "epoch_3": 0.5568794616216055,
    "epoch_4": 0.5369259574205857,
    "epoch_5": 0.5222545244761284,
    "epoch_6": 0.5091261193856991,
    "epoch_7": 0.4969226002642019,
    "epoch_8": 0.48555785099635485,
    "epoch_9": 0.475221168021636,
    "epoch_10": 0.4645753657234221,
    "epoch_11": 0.45432158170845255,
    "epoch_12": 0.4458539871337677,
    "epoch_13": 0.43760652544863965,
    "epoch_14": 0.43050840981519134,
    "epoch_15": 0.4239284696049246,
    "epoch_16": 0.41814456931836097,
    "epoch_17": 0.4133491622957426,
    "epoch_18": 0.4074412967195856,
    "epoch_19": 0.4051139802193602,
    "epoch_20": 0.40171404519962894,
    "epoch_21": 0.3978524809795887,
    "epoch_22": 0.3968408119449142,
    "epoch_23": 0.39333709377832893,
    "epoch_24": 0.3917111444468151,
    "epoch_25": 0.390421185074022,
    "epoch_26": 0.3884661094836188,
    "epoch_27": 0.3867472160309292,
    "epoch_28": 0.38666217767518296,
    "epoch_29": 0.38398437102486493,
    "epoch_30": 0.3830063966186595,
    "epoch_31": 0.3825106224095715,
    "epoch_32": 0.38165990777167963,
    "epoch_33": 0.37990728816270564,
    "epoch_34": 0.3788316449701916,
    "epoch_35": 0.3773660432854141,
    "epoch_36": 0.3775468653333258,
    "epoch_37": 0.3765518799654912,
    "epoch_38": 0.37699590348994466,
    "epoch_39": 0.37538563994785296,
    "epoch_40": 0.3740523548683068,
    "epoch_41": 0.374840562979781,
    "epoch_42": 0.3744588747326961,
    "epoch_43": 0.3736885515882048,
    "epoch_44": 0.37241750778129795,
    "epoch_45": 0.372813615714157,
    "epoch_46": 0.3706643863874576,
    "epoch_47": 0.3699535306220581,
    "epoch_48": 0.3706510769194579,
    "epoch_49": 0.36979439247981616,
    "epoch_50": 0.36950512500410876
}