{
    "epoch_1": 0.6211983157756847,
    "epoch_2": 0.578403547404598,
    "epoch_3": 0.5555166278991117,
    "epoch_4": 0.536142449118193,
    "epoch_5": 0.5211583216149498,
    "epoch_6": 0.5084707879527326,
    "epoch_7": 0.49458922908587744,
    "epoch_8": 0.4812722115290206,
    "epoch_9": 0.4707136804799693,
    "epoch_10": 0.45849499085944245,
    "epoch_11": 0.4483811320647812,
    "epoch_12": 0.43830670449980397,
    "epoch_13": 0.43015167468398935,
    "epoch_14": 0.42173380252544457,
    "epoch_15": 0.41494896918843244,
    "epoch_16": 0.40835443993935966,
    "epoch_17": 0.40447322787190826,
    "epoch_18": 0.3999845176424689,
    "epoch_19": 0.39640963348572256,
    "epoch_20": 0.39206434165131604,
    "epoch_21": 0.38875514406040623,
    "epoch_22": 0.38728133732935854,
    "epoch_23": 0.385172187483746,
    "epoch_24": 0.38249666255968084,
    "epoch_25": 0.38042379259248915,
    "epoch_26": 0.3798328028505624,
    "epoch_27": 0.3779034641761617,
    "epoch_28": 0.37761562618771727,
    "epoch_29": 0.3759705493829411,
    "epoch_30": 0.37615263649856556,
    "epoch_31": 0.3734659510891619,
    "epoch_32": 0.37216185025594495,
    "epoch_33": 0.37170202233920696,
    "epoch_34": 0.37010881994511785,
    "epoch_35": 0.3694039179425901,
    "epoch_36": 0.36958241071354203,
    "epoch_37": 0.3693724276681607,
    "epoch_38": 0.36924366332326536,
    "epoch_39": 0.3668702700676693,
    "epoch_40": 0.36838855756581207,
    "epoch_41": 0.3671541416252418,
    "epoch_42": 0.3652539605868501,
    "epoch_43": 0.3642028081569703,
    "epoch_44": 0.3655646890002174,
    "epoch_45": 0.36478619021637493,
    "epoch_46": 0.36422100772214105,
    "epoch_47": 0.36466727725865994,
    "epoch_48": 0.36290269769304273,
    "epoch_49": 0.3628676214765267,
    "epoch_50": 0.3625634157569803
}