{
    "epoch_1": 0.6262271470503213,
    "epoch_2": 0.578253782638836,
    "epoch_3": 0.5569291217034631,
    "epoch_4": 0.5404921696100251,
    "epoch_5": 0.525585505226871,
    "epoch_6": 0.512745856532172,
    "epoch_7": 0.5003758990332133,
    "epoch_8": 0.49041172981737535,
    "epoch_9": 0.47957103425426034,
    "epoch_10": 0.46938326470401337,
    "epoch_11": 0.4588218550771208,
    "epoch_12": 0.4497193528922203,
    "epoch_13": 0.44173648408569055,
    "epoch_14": 0.43273341174861213,
    "epoch_15": 0.4261453438141316,
    "epoch_16": 0.4195407679865702,
    "epoch_17": 0.4134752741556266,
    "epoch_18": 0.4086661208272119,
    "epoch_19": 0.40313399453092125,
    "epoch_20": 0.4004420764845662,
    "epoch_21": 0.3975028360072442,
    "epoch_22": 0.39554339562032453,
    "epoch_23": 0.3912702495342164,
    "epoch_24": 0.38952106690998084,
    "epoch_25": 0.3870203180957425,
    "epoch_26": 0.385128559660617,
    "epoch_27": 0.3846885439007875,
    "epoch_28": 0.38283278081050337,
    "epoch_29": 0.379482607048717,
    "epoch_30": 0.379816767470884,
    "epoch_31": 0.37889078101949053,
    "epoch_32": 0.37725161878585234,
    "epoch_33": 0.37601435134121697,
    "epoch_34": 0.3744715181880697,
    "epoch_35": 0.37391061071400855,
    "epoch_36": 0.37290995912370106,
    "epoch_37": 0.3715202651985477,
    "epoch_38": 0.3710347398589877,
    "epoch_39": 0.37036294613207316,
    "epoch_40": 0.37041820895676747,
    "epoch_41": 0.36832682227969865,
    "epoch_42": 0.36769119354923874,
    "epoch_43": 0.3662636105781746,
    "epoch_44": 0.36780508181522614,
    "epoch_45": 0.3665138126466191,
    "epoch_46": 0.36533302931761114,
    "epoch_47": 0.36551078673251175,
    "epoch_48": 0.3651077026055978,
    "epoch_49": 0.3650526214761144,
    "epoch_50": 0.3643181349535359
}