{
    "accuracy": 0.7821484766127879,
    "precision": 0.7926992135331652,
    "recall": 0.7641253039622372,
    "f1_score": 0.778150036416606,
    "roc_auc": 0.7821484766127879
}