{
    "accuracy": 0.7790015734515806,
    "precision": 0.7716952221757905,
    "recall": 0.7924474324131026,
    "f1_score": 0.7819336626676077,
    "roc_auc": 0.7790015734515806
}