{
    "accuracy": 0.7740504971032115,
    "precision": 0.7854588796185935,
    "recall": 0.7541124302674868,
    "f1_score": 0.7694665401736845,
    "roc_auc": 0.7740519232882499
}