{
    "accuracy": 0.7883556254917388,
    "precision": 0.7959183673469388,
    "recall": 0.7755364806866952,
    "f1_score": 0.7855952467212521,
    "roc_auc": 0.7883547086597543
}