{
    "accuracy": 0.7922328708339293,
    "precision": 0.7743018259935553,
    "recall": 0.8249177513946503,
    "f1_score": 0.7988087817715909,
    "roc_auc": 0.7922328708339293
}