{
    "accuracy": 0.615,
    "test_loss": 0.6870186426490545,
    "precision": 1.021594684385382,
    "recall": 1.23,
    "f1_score": 1.1161524500411726
}