{
    "accuracy": 0.8316666666666667,
    "test_loss": 0.4781109107037385,
    "precision": 2.0534979423868314,
    "recall": 1.6633333333333333,
    "f1_score": 1.8379373848492617
}