{
    "epoch_1": 0.5918654289856728,
    "epoch_2": 0.541927796089629,
    "epoch_3": 0.503949042616968,
    "epoch_4": 0.4777915845632955,
    "epoch_5": 0.44858284211681426,
    "epoch_6": 0.42373212262309623,
    "epoch_7": 0.40672603239498495,
    "epoch_8": 0.3975919202648568,
    "epoch_9": 0.38016861360551535,
    "epoch_10": 0.38414063496895223,
    "epoch_11": 0.3691052831646564,
    "epoch_12": 0.37971134390839034,
    "epoch_13": 0.3675087138532989,
    "epoch_14": 0.3670703720483571,
    "epoch_15": 0.37404334208414486,
    "epoch_16": 0.36445302856712275,
    "epoch_17": 0.3591067647753035,
    "epoch_18": 0.3604530923282115,
    "epoch_19": 0.35702358701377856,
    "epoch_20": 0.35209669285841777,
    "epoch_21": 0.3526976289978317,
    "epoch_22": 0.363911885183939,
    "epoch_23": 0.36535189626188747,
    "epoch_24": 0.35340161774854034,
    "epoch_25": 0.34950979182129166,
    "epoch_26": 0.3643187811161575,
    "epoch_27": 0.3654698365152787,
    "epoch_28": 0.3539723819263066,
    "epoch_29": 0.35160807106788405,
    "epoch_30": 0.34623520259712437,
    "epoch_31": 0.3503775606670026,
    "epoch_32": 0.34529712419284736,
    "epoch_33": 0.35054195268962274,
    "epoch_34": 0.35659779153425014,
    "epoch_35": 0.34748374450870145,
    "epoch_36": 0.34751269367050763,
    "epoch_37": 0.3589166738532647,
    "epoch_38": 0.3529694571362378,
    "epoch_39": 0.34976157576197514,
    "epoch_40": 0.3513454124959685,
    "epoch_41": 0.3553757869071542,
    "epoch_42": 0.3520706749786615,
    "epoch_43": 0.3497408768680405,
    "epoch_44": 0.3470192062110965,
    "epoch_45": 0.3454021920542693,
    "epoch_46": 0.3493575178853175,
    "epoch_47": 0.3574144882456247,
    "epoch_48": 0.3544554516396675,
    "epoch_49": 0.364568477738366,
    "epoch_50": 0.36725698167718884,
    "epoch_51": 0.35290292362740633,
    "epoch_52": 0.34707653241053,
    "epoch_53": 0.34957635925350866,
    "epoch_54": 0.3443894406394251,
    "epoch_55": 0.3489309072896562,
    "epoch_56": 0.36175224345811907,
    "epoch_57": 0.35943341596934686,
    "epoch_58": 0.37473002995849664,
    "epoch_59": 0.3558402643436927,
    "epoch_60": 0.3485206850061529,
    "epoch_61": 0.34360806078573103,
    "epoch_62": 0.3443019508712408,
    "epoch_63": 0.3472634527775731,
    "epoch_64": 0.35082430542017917,
    "epoch_65": 0.35309902934159637,
    "epoch_66": 0.3469587031745589,
    "epoch_67": 0.3519375919290578,
    "epoch_68": 0.3476133519441241,
    "epoch_69": 0.3537382365881291,
    "epoch_70": 0.35385761755513906,
    "epoch_71": 0.35012860181560806,
    "epoch_72": 0.3436155733330455,
    "epoch_73": 0.34720117587464255,
    "epoch_74": 0.35225215529108933,
    "epoch_75": 0.35112104890318385,
    "epoch_76": 0.3524468198393489,
    "epoch_77": 0.3501238947574043,
    "epoch_78": 0.35028624856250884,
    "epoch_79": 0.3467931922330422,
    "epoch_80": 0.35494486618202814,
    "epoch_81": 0.3514987425297549,
    "epoch_82": 0.3542076077871339,
    "epoch_83": 0.34878553628519454,
    "epoch_84": 0.36820080670297245,
    "epoch_85": 0.3670888252644274,
    "epoch_86": 0.3664425639639817,
    "epoch_87": 0.3576017234216854,
    "epoch_88": 0.3518439404678988,
    "epoch_89": 0.348433398677768,
    "epoch_90": 0.3474285421644857,
    "epoch_91": 0.35112068222907905,
    "epoch_92": 0.36094620075032846,
    "epoch_93": 0.34826883658590846,
    "epoch_94": 0.36274134087522353,
    "epoch_95": 0.3518361607048202,
    "epoch_96": 0.3647761867581089,
    "epoch_97": 0.348668175041173,
    "epoch_98": 0.3626991568689202,
    "epoch_99": 0.3481629940148751,
    "epoch_100": 0.3512378243531586,
    "epoch_101": 0.3439471124597585,
    "epoch_102": 0.35192123512795564,
    "epoch_103": 0.3831178237374677,
    "epoch_104": 0.35477264273226966,
    "epoch_105": 0.35730983173666275,
    "epoch_106": 0.35270132825507283,
    "epoch_107": 0.355293866956817,
    "epoch_108": 0.34938609298525936,
    "epoch_109": 0.34380871831466137,
    "epoch_110": 0.3442075650567349,
    "epoch_111": 0.3591756066825699,
    "epoch_112": 0.3637539110135469,
    "epoch_113": 0.3512072014366394,
    "epoch_114": 0.35090860789783085,
    "epoch_115": 0.36058148143665386,
    "epoch_116": 0.35291501683690296,
    "epoch_117": 0.3536018008526421,
    "epoch_118": 0.36808218923829256,
    "epoch_119": 0.3491181058787174,
    "epoch_120": 0.3632301829918641,
    "epoch_121": 0.37084492101235095,
    "epoch_122": 0.39465060825090587,
    "epoch_123": 0.38334094794564466,
    "epoch_124": 0.3774307785307577,
    "epoch_125": 0.3855043484830937,
    "epoch_126": 0.38126711218192244,
    "epoch_127": 0.36402624071549,
    "epoch_128": 0.38047222524228025,
    "epoch_129": 0.35928477666028236,
    "epoch_130": 0.3578129894214778,
    "epoch_131": 0.3658704357645765,
    "epoch_132": 0.3532954225250682,
    "epoch_133": 0.35402035291038114,
    "epoch_134": 0.350601790526263,
    "epoch_135": 0.3547695639965707,
    "epoch_136": 0.3586743225737728,
    "epoch_137": 0.3561078177334687,
    "epoch_138": 0.3661619093124621,
    "epoch_139": 0.3657386184341791,
    "epoch_140": 0.3621643007706229,
    "epoch_141": 0.365031703929676,
    "epoch_142": 0.3803263223191337,
    "epoch_143": 0.3699619768039774,
    "epoch_144": 0.3677775230616783,
    "epoch_145": 0.36630468344406975,
    "epoch_146": 0.36330412551886315,
    "epoch_147": 0.36008810856290047,
    "epoch_148": 0.36266455561877503,
    "epoch_149": 0.377420156641312,
    "epoch_150": 0.3596697068737088
}