{
    "epoch_1": 0.5863189573633731,
    "epoch_2": 0.5392554330986628,
    "epoch_3": 0.5111919225870457,
    "epoch_4": 0.48074374467285247,
    "epoch_5": 0.4542383570695205,
    "epoch_6": 0.439354816234936,
    "epoch_7": 0.42904352357777537,
    "epoch_8": 0.4097995066522145,
    "epoch_9": 0.3878788521880846,
    "epoch_10": 0.37932372138431864,
    "epoch_11": 0.3729851875598676,
    "epoch_12": 0.37226953670307117,
    "epoch_13": 0.36484616703367956,
    "epoch_14": 0.3725646316100534,
    "epoch_15": 0.3794957608939423,
    "epoch_16": 0.3655387638089629,
    "epoch_17": 0.3586418495511928,
    "epoch_18": 0.3610891672652246,
    "epoch_19": 0.35917986057460005,
    "epoch_20": 0.35946283252002015,
    "epoch_21": 0.3528238431398221,
    "epoch_22": 0.35015398495112865,
    "epoch_23": 0.35042834236690207,
    "epoch_24": 0.3497795932007479,
    "epoch_25": 0.348928379871793,
    "epoch_26": 0.3616856077268192,
    "epoch_27": 0.357875822969472,
    "epoch_28": 0.3835743054069114,
    "epoch_29": 0.3562487691490083,
    "epoch_30": 0.34932267223602603,
    "epoch_31": 0.3475556538941285,
    "epoch_32": 0.3461835852762901,
    "epoch_33": 0.3452257173258378,
    "epoch_34": 0.3505046212854112,
    "epoch_35": 0.34635638532308866,
    "epoch_36": 0.3498959671988656,
    "epoch_37": 0.3456307114879357,
    "epoch_38": 0.34584435885913456,
    "epoch_39": 0.34806171456637713,
    "epoch_40": 0.34685438579893835,
    "epoch_41": 0.34338745022503564,
    "epoch_42": 0.3457265862123962,
    "epoch_43": 0.3456100559656777,
    "epoch_44": 0.3457193549527688,
    "epoch_45": 0.3425367411232316,
    "epoch_46": 0.3391200663870543,
    "epoch_47": 0.34610892367403184,
    "epoch_48": 0.35121721451439303,
    "epoch_49": 0.36030620246070233,
    "epoch_50": 0.34571263018185133,
    "epoch_51": 0.34337626234274893,
    "epoch_52": 0.3417050028329756,
    "epoch_53": 0.34849025829244423,
    "epoch_54": 0.36549000253564795,
    "epoch_55": 0.3466538210944422,
    "epoch_56": 0.349271234131181,
    "epoch_57": 0.37016169437871616,
    "epoch_58": 0.3622199725642373,
    "epoch_59": 0.3573963485318935,
    "epoch_60": 0.34944632845423473,
    "epoch_61": 0.3472155298390638,
    "epoch_62": 0.34470785206928223,
    "epoch_63": 0.3458902930831427,
    "epoch_64": 0.34437391468485534,
    "epoch_65": 0.3530928543808086,
    "epoch_66": 0.3531409156262171,
    "epoch_67": 0.34769305360658975,
    "epoch_68": 0.342731944827165,
    "epoch_69": 0.3508331114284908,
    "epoch_70": 0.345723118991112,
    "epoch_71": 0.35172480294515474,
    "epoch_72": 0.3630879735464189,
    "epoch_73": 0.34709549794510686,
    "epoch_74": 0.3459436630117149,
    "epoch_75": 0.34652106798117316,
    "epoch_76": 0.3436473684407406,
    "epoch_77": 0.34262559667204523,
    "epoch_78": 0.35030398863363027,
    "epoch_79": 0.34530841806686746,
    "epoch_80": 0.3419298178832004,
    "epoch_81": 0.34309268962673556,
    "epoch_82": 0.36728720339313525,
    "epoch_83": 0.36031611753756443,
    "epoch_84": 0.37312389043290134,
    "epoch_85": 0.362374197170264,
    "epoch_86": 0.3523366384924363,
    "epoch_87": 0.3445866383348307,
    "epoch_88": 0.34717024015938047,
    "epoch_89": 0.3440532035007445,
    "epoch_90": 0.351219570656852,
    "epoch_91": 0.3516383087152574,
    "epoch_92": 0.34307166456573124,
    "epoch_93": 0.3413190286838988,
    "epoch_94": 0.33858937296457275,
    "epoch_95": 0.3407180663104001,
    "epoch_96": 0.34289369796219,
    "epoch_97": 0.3480324843681683,
    "epoch_98": 0.3441763891136465,
    "epoch_99": 0.34664790123751354,
    "epoch_100": 0.35132877882978364,
    "epoch_101": 0.3478644239962805,
    "epoch_102": 0.35153932213582234,
    "epoch_103": 0.3437072694000064,
    "epoch_104": 0.34182561710351234,
    "epoch_105": 0.33962264169528955,
    "epoch_106": 0.3411682647155067,
    "epoch_107": 0.3425304079538252,
    "epoch_108": 0.3616958685709292,
    "epoch_109": 0.35463893534160185,
    "epoch_110": 0.3668840968789781,
    "epoch_111": 0.35509922331541427,
    "epoch_112": 0.3680850042259512,
    "epoch_113": 0.360060812047923,
    "epoch_114": 0.38805900576946906,
    "epoch_115": 0.38153859837260257,
    "epoch_116": 0.3627480226262625,
    "epoch_117": 0.3769021102590062,
    "epoch_118": 0.3761203964484281,
    "epoch_119": 0.3647123838556557,
    "epoch_120": 0.3514501167992114,
    "epoch_121": 0.34621916452507545,
    "epoch_122": 0.3454754527463479,
    "epoch_123": 0.3469748358300323,
    "epoch_124": 0.3625631917387398,
    "epoch_125": 0.3570989014527448,
    "epoch_126": 0.345903734131567,
    "epoch_127": 0.36472332980138256,
    "epoch_128": 0.3716352807631179,
    "epoch_129": 0.36736188751047016,
    "epoch_130": 0.3853227909258606,
    "epoch_131": 0.3718790823050333,
    "epoch_132": 0.3523816616096947,
    "epoch_133": 0.34732695896348104,
    "epoch_134": 0.3451190684336233,
    "epoch_135": 0.34384661319887055,
    "epoch_136": 0.3524192858104159,
    "epoch_137": 0.35031706687772857,
    "epoch_138": 0.3611057578612741,
    "epoch_139": 0.40923799069293637,
    "epoch_140": 0.38837405622105975,
    "epoch_141": 0.36549174303148085,
    "epoch_142": 0.3650704628299501,
    "epoch_143": 0.3560167267591917,
    "epoch_144": 0.35424134019655484,
    "epoch_145": 0.37095735286178716,
    "epoch_146": 0.385050454590011,
    "epoch_147": 0.37762711502448304,
    "epoch_148": 0.37431943376389964,
    "epoch_149": 0.36117965596120233,
    "epoch_150": 0.36117455529121284
}