{
    "epoch_1": 0.5853413324331955,
    "epoch_2": 0.537355229183152,
    "epoch_3": 0.5081182329288824,
    "epoch_4": 0.48497755752647104,
    "epoch_5": 0.4720212427198786,
    "epoch_6": 0.44599586242769057,
    "epoch_7": 0.4227942651982653,
    "epoch_8": 0.40270063592651845,
    "epoch_9": 0.3876029369099345,
    "epoch_10": 0.39164500011360465,
    "epoch_11": 0.38469322581114296,
    "epoch_12": 0.38186578465151344,
    "epoch_13": 0.37100329869513166,
    "epoch_14": 0.3673540879461858,
    "epoch_15": 0.36048437853486703,
    "epoch_16": 0.3601032247732301,
    "epoch_17": 0.36599358237814944,
    "epoch_18": 0.36521493639753,
    "epoch_19": 0.3631873489129805,
    "epoch_20": 0.35383044437051425,
    "epoch_21": 0.35231255625592917,
    "epoch_22": 0.34738130633786796,
    "epoch_23": 0.3467444648328559,
    "epoch_24": 0.35206314433887476,
    "epoch_25": 0.3516572553029953,
    "epoch_26": 0.34643112557734446,
    "epoch_27": 0.3480062688281524,
    "epoch_28": 0.3527562113676666,
    "epoch_29": 0.3584827337458001,
    "epoch_30": 0.3558257223180735,
    "epoch_31": 0.36311999400590766,
    "epoch_32": 0.3521493767807496,
    "epoch_33": 0.3579096770005122,
    "epoch_34": 0.34688794331446066,
    "epoch_35": 0.34437395026671747,
    "epoch_36": 0.35618760634031504,
    "epoch_37": 0.35780744779773344,
    "epoch_38": 0.3539917816802181,
    "epoch_39": 0.3526084778883807,
    "epoch_40": 0.34203646099587515,
    "epoch_41": 0.34624701763485977,
    "epoch_42": 0.34771136700805483,
    "epoch_43": 0.36715166906482255,
    "epoch_44": 0.3547257581006415,
    "epoch_45": 0.34825317755115376,
    "epoch_46": 0.3449676138353589,
    "epoch_47": 0.34354391206577295,
    "epoch_48": 0.3430154507015447,
    "epoch_49": 0.3461315394654041,
    "epoch_50": 0.347319798817321,
    "epoch_51": 0.3465641944042547,
    "epoch_52": 0.3425138719869906,
    "epoch_53": 0.3409572590462876,
    "epoch_54": 0.3428695177750483,
    "epoch_55": 0.3417345406032131,
    "epoch_56": 0.3407061627703212,
    "epoch_57": 0.3478998788090621,
    "epoch_58": 0.33987426255243824,
    "epoch_59": 0.340071127748409,
    "epoch_60": 0.37244365669623597,
    "epoch_61": 0.3483867325629995,
    "epoch_62": 0.33690656136099445,
    "epoch_63": 0.3451538550310955,
    "epoch_64": 0.34066050953245886,
    "epoch_65": 0.3492045492989217,
    "epoch_66": 0.34127070710791707,
    "epoch_67": 0.34425250977328015,
    "epoch_68": 0.35846867609586924,
    "epoch_69": 0.3551274919992354,
    "epoch_70": 0.3595612567753655,
    "epoch_71": 0.3470329349800869,
    "epoch_72": 0.3610970322639504,
    "epoch_73": 0.3464570537988492,
    "epoch_74": 0.35603143010935534,
    "epoch_75": 0.36487040451365016,
    "epoch_76": 0.3464383608575213,
    "epoch_77": 0.35463305207167267,
    "epoch_78": 0.34568794823014515,
    "epoch_79": 0.39250099317219367,
    "epoch_80": 0.3536118401644805,
    "epoch_81": 0.3548430969301002,
    "epoch_82": 0.3468493962971396,
    "epoch_83": 0.3408340155374742,
    "epoch_84": 0.3422403733605679,
    "epoch_85": 0.3433643934799085,
    "epoch_86": 0.3453139985391704,
    "epoch_87": 0.35135054025440954,
    "epoch_88": 0.3434999509766371,
    "epoch_89": 0.35313456737975046,
    "epoch_90": 0.35613905981459465,
    "epoch_91": 0.37332377566454983,
    "epoch_92": 0.4220880780614046,
    "epoch_93": 0.3806230463024738,
    "epoch_94": 0.35328200414249106,
    "epoch_95": 0.3514949336622859,
    "epoch_96": 0.35044000050269736,
    "epoch_97": 0.3460417121498018,
    "epoch_98": 0.3482358702921747,
    "epoch_99": 0.36236636132052136,
    "epoch_100": 0.35090900231372646,
    "epoch_101": 0.3451107672052882,
    "epoch_102": 0.3383595846957742,
    "epoch_103": 0.34483226455283206,
    "epoch_104": 0.35543686724432805,
    "epoch_105": 0.35800065117782925,
    "epoch_106": 0.3633572311465696,
    "epoch_107": 0.36833846609266774,
    "epoch_108": 0.36944160976056106,
    "epoch_109": 0.3634606881246197,
    "epoch_110": 0.35195265974202405,
    "epoch_111": 0.35594641478829603,
    "epoch_112": 0.3617813100702244,
    "epoch_113": 0.3688501226158206,
    "epoch_114": 0.3598330314404647,
    "epoch_115": 0.3560975305547602,
    "epoch_116": 0.3517298185805245,
    "epoch_117": 0.3592401423301504,
    "epoch_118": 0.3771449120410578,
    "epoch_119": 0.3724560725548215,
    "epoch_120": 0.407243451621842,
    "epoch_121": 0.35333635473331754,
    "epoch_122": 0.3507737948560795,
    "epoch_123": 0.3572712477302873,
    "epoch_124": 0.3499114473191723,
    "epoch_125": 0.36111564137682345,
    "epoch_126": 0.37093783666271385,
    "epoch_127": 0.3553296703512311,
    "epoch_128": 0.36063420209675573,
    "epoch_129": 0.3516266060518776,
    "epoch_130": 0.3478621948026686,
    "epoch_131": 0.3443740109770133,
    "epoch_132": 0.34709273321431566,
    "epoch_133": 0.3492733758778435,
    "epoch_134": 0.3615872992632964,
    "epoch_135": 0.3488126995189596,
    "epoch_136": 0.344460312471824,
    "epoch_137": 0.3401431928798682,
    "epoch_138": 0.3460817475745087,
    "epoch_139": 0.35032915888106037,
    "epoch_140": 0.35378520022355286,
    "epoch_141": 0.356045797944672,
    "epoch_142": 0.3441141427668914,
    "epoch_143": 0.36560826900636567,
    "epoch_144": 0.36598009484212274,
    "epoch_145": 0.3620730767161609,
    "epoch_146": 0.3539770037488632,
    "epoch_147": 0.36755434558122196,
    "epoch_148": 0.35303427376996405,
    "epoch_149": 0.37229966936384845,
    "epoch_150": 0.3633932864284033
}