{
    "accuracy": 0.7757166947723441,
    "precision": 0.7477272727272727,
    "recall": 0.8322091062394603,
    "f1_score": 0.7877094972067039,
    "roc_auc": 0.775716694772344
}