{
    "accuracy": 0.8018549747048904,
    "precision": 0.7864,
    "recall": 0.8288364249578415,
    "f1_score": 0.8070607553366174,
    "roc_auc": 0.8018549747048904
}