{
    "accuracy": 0.7824620573355818,
    "precision": 0.7266576454668471,
    "recall": 0.9055649241146712,
    "f1_score": 0.8063063063063063,
    "roc_auc": 0.7824620573355818
}