{
    "epoch_1": 0.5382484769422143,
    "epoch_2": 0.4936265394518046,
    "epoch_3": 0.4744444478032722,
    "epoch_4": 0.4623117429506089,
    "epoch_5": 0.4519072178212585,
    "epoch_6": 0.44440360493498315,
    "epoch_7": 0.4361666460323411,
    "epoch_8": 0.4282444998735578,
    "epoch_9": 0.42040862363480386,
    "epoch_10": 0.41334318101113543,
    "epoch_11": 0.40722963252368155,
    "epoch_12": 0.4010257968810143,
    "epoch_13": 0.3955247700400895,
    "epoch_14": 0.3911343634767498,
    "epoch_15": 0.38814207922388866,
    "epoch_16": 0.3842949571990978,
    "epoch_17": 0.3817032487332444,
    "epoch_18": 0.3790290506088808,
    "epoch_19": 0.37711886200655625,
    "epoch_20": 0.3752558061782161,
    "epoch_21": 0.3732108287329744,
    "epoch_22": 0.3714317985845335,
    "epoch_23": 0.37078944810278563,
    "epoch_24": 0.36953777821623757,
    "epoch_25": 0.3681947649730621,
    "epoch_26": 0.3686576419183248,
    "epoch_27": 0.3671635737349044,
    "epoch_28": 0.3662378949530097,
    "epoch_29": 0.36529957635215554,
    "epoch_30": 0.36455016570901316,
    "epoch_31": 0.36421112259156907,
    "epoch_32": 0.3637417007471842,
    "epoch_33": 0.36287608473154687,
    "epoch_34": 0.36295669019895294,
    "epoch_35": 0.36185756360545696,
    "epoch_36": 0.36050262661463783,
    "epoch_37": 0.3598940112827433,
    "epoch_38": 0.360997512220796,
    "epoch_39": 0.35919098162813484,
    "epoch_40": 0.3588220758346902,
    "epoch_41": 0.35957618803005686,
    "epoch_42": 0.3584784976211158,
    "epoch_43": 0.3579722005782762,
    "epoch_44": 0.357744306325646,
    "epoch_45": 0.3577246029065268,
    "epoch_46": 0.35723621623853485,
    "epoch_47": 0.3571509026356588,
    "epoch_48": 0.356511942918183,
    "epoch_49": 0.3566928092211883,
    "epoch_50": 0.3560061923596069
}