{
    "epoch_1": 0.5398384652387104,
    "epoch_2": 0.5025656455293384,
    "epoch_3": 0.48582622354752536,
    "epoch_4": 0.47439900163696025,
    "epoch_5": 0.4643821957481116,
    "epoch_6": 0.4563991375662572,
    "epoch_7": 0.4484790216524189,
    "epoch_8": 0.44095952908119884,
    "epoch_9": 0.43347685748271714,
    "epoch_10": 0.4277992311207613,
    "epoch_11": 0.4207662643595428,
    "epoch_12": 0.41511590556601824,
    "epoch_13": 0.41005498991973216,
    "epoch_14": 0.4043322532606241,
    "epoch_15": 0.3996081824928407,
    "epoch_16": 0.39588713118406804,
    "epoch_17": 0.3920885624363802,
    "epoch_18": 0.38918402992000356,
    "epoch_19": 0.38584999272105286,
    "epoch_20": 0.38284141277263595,
    "epoch_21": 0.3815466930369317,
    "epoch_22": 0.3797429917193388,
    "epoch_23": 0.3780151911881008,
    "epoch_24": 0.3766610109889084,
    "epoch_25": 0.3742028851918903,
    "epoch_26": 0.37366840225141557,
    "epoch_27": 0.37256787014188963,
    "epoch_28": 0.3716806731618884,
    "epoch_29": 0.3703656376962062,
    "epoch_30": 0.36941432925730433,
    "epoch_31": 0.3681275132143054,
    "epoch_32": 0.3674816418657865,
    "epoch_33": 0.36729300970871454,
    "epoch_34": 0.36621598464171645,
    "epoch_35": 0.3662431978584045,
    "epoch_36": 0.3657821304794737,
    "epoch_37": 0.36434297362325674,
    "epoch_38": 0.363674007080999,
    "epoch_39": 0.3632813672133735,
    "epoch_40": 0.362655657340444,
    "epoch_41": 0.36352458576699365,
    "epoch_42": 0.3616733023864824,
    "epoch_43": 0.36169406187752495,
    "epoch_44": 0.3614206311411838,
    "epoch_45": 0.3609773255539272,
    "epoch_46": 0.3603148600144937,
    "epoch_47": 0.3606584616768177,
    "epoch_48": 0.3597038681165127,
    "epoch_49": 0.35959159975248917,
    "epoch_50": 0.3597809531495829
}