{
    "epoch_1": 0.5430281980387709,
    "epoch_2": 0.49820550592650353,
    "epoch_3": 0.47868900511032103,
    "epoch_4": 0.4656383393553725,
    "epoch_5": 0.45594609094126703,
    "epoch_6": 0.44753655709538287,
    "epoch_7": 0.43901707823885733,
    "epoch_8": 0.4322777990387232,
    "epoch_9": 0.42531269274988853,
    "epoch_10": 0.4193835338936009,
    "epoch_11": 0.41387010274354985,
    "epoch_12": 0.4084809996033084,
    "epoch_13": 0.4032453951836229,
    "epoch_14": 0.3992896919815217,
    "epoch_15": 0.39463618136759543,
    "epoch_16": 0.39098778116667116,
    "epoch_17": 0.38837979302454656,
    "epoch_18": 0.38506505421923587,
    "epoch_19": 0.38168558787987505,
    "epoch_20": 0.3793674235666733,
    "epoch_21": 0.3775304288241429,
    "epoch_22": 0.37534011657016986,
    "epoch_23": 0.37408642458726854,
    "epoch_24": 0.37309573160252013,
    "epoch_25": 0.370374122033687,
    "epoch_26": 0.3699119318788445,
    "epoch_27": 0.36911383117586966,
    "epoch_28": 0.3676483087235588,
    "epoch_29": 0.366717163329589,
    "epoch_30": 0.3649268561614588,
    "epoch_31": 0.36335153435508244,
    "epoch_32": 0.3629751675860778,
    "epoch_33": 0.3624372200433616,
    "epoch_34": 0.36121559655061103,
    "epoch_35": 0.3608581994707084,
    "epoch_36": 0.3600386035675436,
    "epoch_37": 0.35923300592388585,
    "epoch_38": 0.3593054743229527,
    "epoch_39": 0.3584707115076086,
    "epoch_40": 0.35801915922210786,
    "epoch_41": 0.3575500277458055,
    "epoch_42": 0.3568145302286643,
    "epoch_43": 0.3563779774938793,
    "epoch_44": 0.3569510963408957,
    "epoch_45": 0.35562070488016384,
    "epoch_46": 0.3546016007334362,
    "epoch_47": 0.3550979898257668,
    "epoch_48": 0.3552564046647172,
    "epoch_49": 0.35374787963589943,
    "epoch_50": 0.3535329865229817
}