{
    "epoch_1": 0.536830802249986,
    "epoch_2": 0.4970176272269369,
    "epoch_3": 0.48040146972796666,
    "epoch_4": 0.4674994862985096,
    "epoch_5": 0.4586874115457266,
    "epoch_6": 0.4503341986079131,
    "epoch_7": 0.44336157888058153,
    "epoch_8": 0.4360453122237846,
    "epoch_9": 0.4294826965586728,
    "epoch_10": 0.4232247517823898,
    "epoch_11": 0.41765074989519074,
    "epoch_12": 0.41232454243613736,
    "epoch_13": 0.40702892603188323,
    "epoch_14": 0.4034570568096193,
    "epoch_15": 0.3990797174313361,
    "epoch_16": 0.39498159297246727,
    "epoch_17": 0.39221022721529636,
    "epoch_18": 0.3883054465382923,
    "epoch_19": 0.3854497956217455,
    "epoch_20": 0.38346800285146726,
    "epoch_21": 0.38105124954812686,
    "epoch_22": 0.3795442808907288,
    "epoch_23": 0.37786922275555906,
    "epoch_24": 0.37616779191056404,
    "epoch_25": 0.37370061045941944,
    "epoch_26": 0.3725226307294057,
    "epoch_27": 0.371393008701502,
    "epoch_28": 0.370690528263252,
    "epoch_29": 0.36989819954111197,
    "epoch_30": 0.3683840983225367,
    "epoch_31": 0.3672289125409564,
    "epoch_32": 0.3662497569639407,
    "epoch_33": 0.36603592915835437,
    "epoch_34": 0.36464411383625706,
    "epoch_35": 0.3645439885444326,
    "epoch_36": 0.3640795071325949,
    "epoch_37": 0.3622545796182533,
    "epoch_38": 0.362390127699,
    "epoch_39": 0.3613489139544509,
    "epoch_40": 0.36158587767382055,
    "epoch_41": 0.360703276267458,
    "epoch_42": 0.3611680908128969,
    "epoch_43": 0.3601088647541733,
    "epoch_44": 0.3603579366264035,
    "epoch_45": 0.3594034033602948,
    "epoch_46": 0.3590921756999606,
    "epoch_47": 0.35868285500784675,
    "epoch_48": 0.3580371934260806,
    "epoch_49": 0.3574221688190376,
    "epoch_50": 0.3570217467466072
}