{
    "epoch_1": 0.5387593822639882,
    "epoch_2": 0.49436394861701716,
    "epoch_3": 0.47816310841454945,
    "epoch_4": 0.4668606706785592,
    "epoch_5": 0.45866866385212435,
    "epoch_6": 0.4503459546036787,
    "epoch_7": 0.4431230233238093,
    "epoch_8": 0.4359393677415883,
    "epoch_9": 0.42977387095215586,
    "epoch_10": 0.4246082177204972,
    "epoch_11": 0.41810527803798697,
    "epoch_12": 0.4124081910457989,
    "epoch_13": 0.40765230274995934,
    "epoch_14": 0.40235860163347065,
    "epoch_15": 0.39836905573999676,
    "epoch_16": 0.39455999432981803,
    "epoch_17": 0.39115468175315815,
    "epoch_18": 0.38844720107016206,
    "epoch_19": 0.3849983563169672,
    "epoch_20": 0.38310966477034125,
    "epoch_21": 0.3813282063195102,
    "epoch_22": 0.3788099121283049,
    "epoch_23": 0.3774559966881712,
    "epoch_24": 0.3754535109189448,
    "epoch_25": 0.3740278243873609,
    "epoch_26": 0.37342405746803603,
    "epoch_27": 0.3716804611620224,
    "epoch_28": 0.37157740816087614,
    "epoch_29": 0.3702017689198421,
    "epoch_30": 0.36915518921046486,
    "epoch_31": 0.36772586308238253,
    "epoch_32": 0.3681547665158613,
    "epoch_33": 0.36772679200935693,
    "epoch_34": 0.3662507336932958,
    "epoch_35": 0.36544781879703786,
    "epoch_36": 0.36489872513711613,
    "epoch_37": 0.36404108917709327,
    "epoch_38": 0.36445291344241193,
    "epoch_39": 0.36352633911217974,
    "epoch_40": 0.3637666741469786,
    "epoch_41": 0.3625845190561138,
    "epoch_42": 0.36213888805324296,
    "epoch_43": 0.3624360755395553,
    "epoch_44": 0.3616972028488672,
    "epoch_45": 0.361999470367668,
    "epoch_46": 0.3615573153922355,
    "epoch_47": 0.36078675643925295,
    "epoch_48": 0.3602855530693795,
    "epoch_49": 0.35933481454550825,
    "epoch_50": 0.36015447207591617
}