{
    "accuracy": 0.8618889246504309,
    "precision": 0.8650696298434231,
    "recall": 0.8575209212502682,
    "f1_score": 0.8612787356321839,
    "roc_auc": 0.8618887684494797
}