{
    "accuracy": 0.8600650860065086,
    "precision": 0.8330797221303341,
    "recall": 0.9005864683164068,
    "f1_score": 0.8655187820050178,
    "roc_auc": 0.8600636368475675
}