{
    "accuracy": 0.861066409183564,
    "precision": 0.835504453010767,
    "recall": 0.8991488448608826,
    "f1_score": 0.8661590932580012,
    "roc_auc": 0.861067771021487
}