{
    "accuracy": 0.857347208811644,
    "precision": 0.8585575888051669,
    "recall": 0.8556715777428122,
    "f1_score": 0.8571121538847297,
    "roc_auc": 0.8573472687369379
}