{
    "accuracy": 0.8536332427406665,
    "precision": 0.8483759599802719,
    "recall": 0.8611786582749249,
    "f1_score": 0.8547293700088732,
    "roc_auc": 0.8536332427406667
}