{
    "epoch_1": 0.5104655924139564,
    "epoch_2": 0.4882023372363347,
    "epoch_3": 0.47554219744056714,
    "epoch_4": 0.46928342624016195,
    "epoch_5": 0.4679059191424234,
    "epoch_6": 0.44970081558114966,
    "epoch_7": 0.43474112143672,
    "epoch_8": 0.4264490363000148,
    "epoch_9": 0.4196315898260017,
    "epoch_10": 0.40758583050152103,
    "epoch_11": 0.4006775907916658,
    "epoch_12": 0.3948408326551846,
    "epoch_13": 0.38996222548232845,
    "epoch_14": 0.3951045921540381,
    "epoch_15": 0.3836197718567497,
    "epoch_16": 0.38720129271984904,
    "epoch_17": 0.3841735777927289,
    "epoch_18": 0.37695498153893986,
    "epoch_19": 0.3731922616846043,
    "epoch_20": 0.36849723190923567,
    "epoch_21": 0.3672909932300038,
    "epoch_22": 0.36794594116194856,
    "epoch_23": 0.37671874400737115,
    "epoch_24": 0.3668361782793117,
    "epoch_25": 0.36436152905477037,
    "epoch_26": 0.36515357118767927,
    "epoch_27": 0.36447416023969514,
    "epoch_28": 0.3740631348132551,
    "epoch_29": 0.3656973915196591,
    "epoch_30": 0.36666429996021416,
    "epoch_31": 0.3575405748691902,
    "epoch_32": 0.3736593689625018,
    "epoch_33": 0.36657070791942475,
    "epoch_34": 0.36771440695282315,
    "epoch_35": 0.3641543757084583,
    "epoch_36": 0.36000071984452436,
    "epoch_37": 0.35821285872328074,
    "epoch_38": 0.3587589552055389,
    "epoch_39": 0.36487077398538725,
    "epoch_40": 0.3679110360755352,
    "epoch_41": 0.37879614231290276,
    "epoch_42": 0.36668149243250797,
    "epoch_43": 0.37348635721702533,
    "epoch_44": 0.3593947446500404,
    "epoch_45": 0.3593246321821561,
    "epoch_46": 0.3578822368849121,
    "epoch_47": 0.3614621260415442,
    "epoch_48": 0.36543356105810876,
    "epoch_49": 0.36537578174275853,
    "epoch_50": 0.35991160101673453,
    "epoch_51": 0.36283129907646094,
    "epoch_52": 0.3575663013093722,
    "epoch_53": 0.35901118906245194,
    "epoch_54": 0.3586729406439367,
    "epoch_55": 0.35620167699002225,
    "epoch_56": 0.36214049886692234,
    "epoch_57": 0.358411636293571,
    "epoch_58": 0.36382555345124645,
    "epoch_59": 0.36716506535113025,
    "epoch_60": 0.37028983151597744,
    "epoch_61": 0.3686612268858508,
    "epoch_62": 0.3631962217964303,
    "epoch_63": 0.36305429132685624,
    "epoch_64": 0.36244409028367425,
    "epoch_65": 0.3644038530767065,
    "epoch_66": 0.3677620497763056,
    "epoch_67": 0.3614940013424475,
    "epoch_68": 0.3588058262510605,
    "epoch_69": 0.35833386023973335,
    "epoch_70": 0.3619771593403722,
    "epoch_71": 0.36472703550825497,
    "epoch_72": 0.37051054331075617,
    "epoch_73": 0.37884796357610506,
    "epoch_74": 0.3792326903329799,
    "epoch_75": 0.38751579682903387,
    "epoch_76": 0.37090825273991973,
    "epoch_77": 0.3779749410617479,
    "epoch_78": 0.37804266656296115,
    "epoch_79": 0.37219581192232637,
    "epoch_80": 0.3688056927306254,
    "epoch_81": 0.41065058271291216,
    "epoch_82": 0.41136543813751547,
    "epoch_83": 0.3924130667388406,
    "epoch_84": 0.3989877333763009,
    "epoch_85": 0.37640530852671084,
    "epoch_86": 0.3890723056207553,
    "epoch_87": 0.3750662057167898,
    "epoch_88": 0.37872666197589705,
    "epoch_89": 0.38887413986081687,
    "epoch_90": 0.4376843109802291,
    "epoch_91": 0.4079536281990965,
    "epoch_92": 0.4067808637095007,
    "epoch_93": 0.40556666342109154,
    "epoch_94": 0.4117757353540081,
    "epoch_95": 0.40174564516497435,
    "epoch_96": 0.40325184534144176,
    "epoch_97": 0.39429422949994125,
    "epoch_98": 0.3797654401994676,
    "epoch_99": 0.3822685328007012,
    "epoch_100": 0.39049039224079984,
    "epoch_101": 0.37936357008801075,
    "epoch_102": 0.39441864270383953,
    "epoch_103": 0.44455140798932186,
    "epoch_104": 0.3972394847179679,
    "epoch_105": 0.384621550790241,
    "epoch_106": 0.3925019495436286,
    "epoch_107": 0.3764183962358525,
    "epoch_108": 0.3790586471825654,
    "epoch_109": 0.38374347576872564,
    "epoch_110": 0.3752180774135493,
    "epoch_111": 0.3741581671991128,
    "epoch_112": 0.37836665472936065,
    "epoch_113": 0.37214018390244347,
    "epoch_114": 0.3694167828848015,
    "epoch_115": 0.39346996060310285,
    "epoch_116": 0.38298521070684055,
    "epoch_117": 0.3808154502465793,
    "epoch_118": 0.40639951012655884,
    "epoch_119": 0.4252464850341557,
    "epoch_120": 0.42247453534650026,
    "epoch_121": 0.3986276050944754,
    "epoch_122": 0.4022742204782734,
    "epoch_123": 0.39293545546526315,
    "epoch_124": 0.3978788292495101,
    "epoch_125": 0.394951373841268,
    "epoch_126": 0.40112921602274343,
    "epoch_127": 0.3959834193868407,
    "epoch_128": 0.39275349734404436,
    "epoch_129": 0.3877466214279434,
    "epoch_130": 0.395369193622944,
    "epoch_131": 0.4040201396470394,
    "epoch_132": 0.3961681715218521,
    "epoch_133": 0.3962029861291518,
    "epoch_134": 0.4018542528018447,
    "epoch_135": 0.42643227545045076,
    "epoch_136": 0.4082680473741753,
    "epoch_137": 0.39834793557807124,
    "epoch_138": 0.3910287683635967,
    "epoch_139": 0.3943145532431128,
    "epoch_140": 0.4038642642704405,
    "epoch_141": 0.4309001852113789,
    "epoch_142": 0.4128023973839413,
    "epoch_143": 0.39680168761370754,
    "epoch_144": 0.4001262915844727,
    "epoch_145": 0.3939156158041458,
    "epoch_146": 0.4010609287167614,
    "epoch_147": 0.3871806947752088,
    "epoch_148": 0.3841459595667907,
    "epoch_149": 0.3819772647866511,
    "epoch_150": 0.3823921258460276
}