{
    "epoch_1": 0.5654156634551611,
    "epoch_2": 0.5169659211536416,
    "epoch_3": 0.49083009442631753,
    "epoch_4": 0.49011225433011885,
    "epoch_5": 0.48297185104438733,
    "epoch_6": 0.47475543348490357,
    "epoch_7": 0.4739933062665177,
    "epoch_8": 0.4602984247950103,
    "epoch_9": 0.45271142725866786,
    "epoch_10": 0.43948596503173054,
    "epoch_11": 0.4262486922566712,
    "epoch_12": 0.41632036818688745,
    "epoch_13": 0.4067656377214203,
    "epoch_14": 0.4027070002216781,
    "epoch_15": 0.39662033141899,
    "epoch_16": 0.39409517235069746,
    "epoch_17": 0.389419697003126,
    "epoch_18": 0.38373327871733265,
    "epoch_19": 0.3813168757111923,
    "epoch_20": 0.3813241644981807,
    "epoch_21": 0.38149106355112816,
    "epoch_22": 0.3813241113934241,
    "epoch_23": 0.3897199289158129,
    "epoch_24": 0.3839797457662307,
    "epoch_25": 0.3791376838294089,
    "epoch_26": 0.37896146815837667,
    "epoch_27": 0.3741214899047832,
    "epoch_28": 0.37604452586696685,
    "epoch_29": 0.38594360843074665,
    "epoch_30": 0.38308877071146885,
    "epoch_31": 0.37232652951519835,
    "epoch_32": 0.37013109793081383,
    "epoch_33": 0.3780662780266387,
    "epoch_34": 0.36791089880727795,
    "epoch_35": 0.3665968739396739,
    "epoch_36": 0.3681862459985509,
    "epoch_37": 0.3703528824249233,
    "epoch_38": 0.3715671240077252,
    "epoch_39": 0.3713609331976905,
    "epoch_40": 0.3649798471516207,
    "epoch_41": 0.36612101121187346,
    "epoch_42": 0.36751528961260443,
    "epoch_43": 0.36942525654444874,
    "epoch_44": 0.36693133766427344,
    "epoch_45": 0.3655029151833681,
    "epoch_46": 0.3711690432473205,
    "epoch_47": 0.3721233461096154,
    "epoch_48": 0.3766539650495432,
    "epoch_49": 0.36554383643562033,
    "epoch_50": 0.3638328696282276,
    "epoch_51": 0.3797649204932015,
    "epoch_52": 0.36700711016108173,
    "epoch_53": 0.3658998674593192,
    "epoch_54": 0.3630188689465064,
    "epoch_55": 0.36489397255539424,
    "epoch_56": 0.37200391863825083,
    "epoch_57": 0.36912161125233495,
    "epoch_58": 0.3683409148082765,
    "epoch_59": 0.37363686127365137,
    "epoch_60": 0.3668620222032975,
    "epoch_61": 0.36575750759506975,
    "epoch_62": 0.3608571470219342,
    "epoch_63": 0.3662244646384382,
    "epoch_64": 0.3672880772595462,
    "epoch_65": 0.37378197749254743,
    "epoch_66": 0.3646229870571321,
    "epoch_67": 0.3656160901140939,
    "epoch_68": 0.3685742468563206,
    "epoch_69": 0.38109507235400525,
    "epoch_70": 0.38149147212270806,
    "epoch_71": 0.3756190111558045,
    "epoch_72": 0.38358842917812747,
    "epoch_73": 0.3896537401858443,
    "epoch_74": 0.37279620408140723,
    "epoch_75": 0.36944167008555423,
    "epoch_76": 0.36512539306673325,
    "epoch_77": 0.36397113566856965,
    "epoch_78": 0.36596247853691355,
    "epoch_79": 0.37118388952801507,
    "epoch_80": 0.38487492577958604,
    "epoch_81": 0.37075112293515733,
    "epoch_82": 0.37229137277589747,
    "epoch_83": 0.3786915371329547,
    "epoch_84": 0.38571558097830777,
    "epoch_85": 0.37313153664673093,
    "epoch_86": 0.39026011289539736,
    "epoch_87": 0.38637306450323283,
    "epoch_88": 0.36739030589274707,
    "epoch_89": 0.3678318803031636,
    "epoch_90": 0.36627464362447887,
    "epoch_91": 0.37139870962646315,
    "epoch_92": 0.37780612393870255,
    "epoch_93": 0.3660421719907575,
    "epoch_94": 0.36634317296753444,
    "epoch_95": 0.3734932044974333,
    "epoch_96": 0.3683230915955441,
    "epoch_97": 0.3676627515540356,
    "epoch_98": 0.3825843891881704,
    "epoch_99": 0.41355750802328506,
    "epoch_100": 0.39691422776669316,
    "epoch_101": 0.376261461209956,
    "epoch_102": 0.3876941031187421,
    "epoch_103": 0.37297439134610105,
    "epoch_104": 0.3887285475921202,
    "epoch_105": 0.40042393473241356,
    "epoch_106": 0.3875206679926621,
    "epoch_107": 0.3856908279466388,
    "epoch_108": 0.37812169299090825,
    "epoch_109": 0.42223807236262423,
    "epoch_110": 0.388224609133365,
    "epoch_111": 0.39764572905314777,
    "epoch_112": 0.3776430386783971,
    "epoch_113": 0.36978759520706533,
    "epoch_114": 0.36913472683728576,
    "epoch_115": 0.37311127294376367,
    "epoch_116": 0.38071206985999523,
    "epoch_117": 0.3755945143503979,
    "epoch_118": 0.3843108424482351,
    "epoch_119": 0.37815515722968457,
    "epoch_120": 0.4142309419722822,
    "epoch_121": 0.40068864527547404,
    "epoch_122": 0.4078380994712321,
    "epoch_123": 0.40624452843432884,
    "epoch_124": 0.3908939814721687,
    "epoch_125": 0.4141934361767407,
    "epoch_126": 0.38963261866515914,
    "epoch_127": 0.39705947492148114,
    "epoch_128": 0.39309745289892073,
    "epoch_129": 0.3909656582018041,
    "epoch_130": 0.4098348679369658,
    "epoch_131": 0.41493208586600067,
    "epoch_132": 0.420825819542999,
    "epoch_133": 0.41776480103155544,
    "epoch_134": 0.40697196951872044,
    "epoch_135": 0.39857210117555053,
    "epoch_136": 0.39391098295858296,
    "epoch_137": 0.3930852828801784,
    "epoch_138": 0.40939262626612033,
    "epoch_139": 0.4231296054361374,
    "epoch_140": 0.3978962801928732,
    "epoch_141": 0.39506633649252987,
    "epoch_142": 0.40829438195595785,
    "epoch_143": 0.3960364518573004,
    "epoch_144": 0.414768894044384,
    "epoch_145": 0.4102431799066811,
    "epoch_146": 0.4240232950485845,
    "epoch_147": 0.4471791818645846,
    "epoch_148": 0.4279826360347902,
    "epoch_149": 0.41323369471727966,
    "epoch_150": 0.4111194728196773
}