{
    "epoch_1": 0.5159904685095497,
    "epoch_2": 0.48969047400574794,
    "epoch_3": 0.47426222779899585,
    "epoch_4": 0.46661275370594085,
    "epoch_5": 0.4511762470626777,
    "epoch_6": 0.4288463422326039,
    "epoch_7": 0.4214238716920753,
    "epoch_8": 0.4056095557476846,
    "epoch_9": 0.40192249586503115,
    "epoch_10": 0.399576500049798,
    "epoch_11": 0.3903140056629138,
    "epoch_12": 0.3878798935606347,
    "epoch_13": 0.3799717222759736,
    "epoch_14": 0.3790680171901956,
    "epoch_15": 0.40359755296798283,
    "epoch_16": 0.3876487469492232,
    "epoch_17": 0.372413023477059,
    "epoch_18": 0.3673827567584331,
    "epoch_19": 0.36759205399570066,
    "epoch_20": 0.37138308295713107,
    "epoch_21": 0.37602130734498346,
    "epoch_22": 0.36788801626920564,
    "epoch_23": 0.3721296122028561,
    "epoch_24": 0.36271769955896677,
    "epoch_25": 0.36202754330742287,
    "epoch_26": 0.35520429985452195,
    "epoch_27": 0.3540343741073308,
    "epoch_28": 0.3582041563948867,
    "epoch_29": 0.35473674872472355,
    "epoch_30": 0.3576450760844318,
    "epoch_31": 0.35559575902135804,
    "epoch_32": 0.3568413972084009,
    "epoch_33": 0.3513051990446849,
    "epoch_34": 0.3500752261410006,
    "epoch_35": 0.3627580778862802,
    "epoch_36": 0.3597512290911972,
    "epoch_37": 0.3499155791540237,
    "epoch_38": 0.3589752259182086,
    "epoch_39": 0.3560252349285546,
    "epoch_40": 0.35210723401858207,
    "epoch_41": 0.35390805846322043,
    "epoch_42": 0.35226154206776095,
    "epoch_43": 0.35185684819044594,
    "epoch_44": 0.3487706289089014,
    "epoch_45": 0.352629588118023,
    "epoch_46": 0.34893794052047367,
    "epoch_47": 0.3588547126472231,
    "epoch_48": 0.35512405208418246,
    "epoch_49": 0.3535264826276585,
    "epoch_50": 0.3562911564610928,
    "epoch_51": 0.3532929237033625,
    "epoch_52": 0.35421290236487024,
    "epoch_53": 0.3495163088135668,
    "epoch_54": 0.35311510914359756,
    "epoch_55": 0.34743897012943226,
    "epoch_56": 0.3481219223605709,
    "epoch_57": 0.34864951160062624,
    "epoch_58": 0.3519955579319182,
    "epoch_59": 0.35246765727471474,
    "epoch_60": 0.3595723701099655,
    "epoch_61": 0.3704807915132725,
    "epoch_62": 0.3698763985389937,
    "epoch_63": 0.36188386170431225,
    "epoch_64": 0.35736436854593534,
    "epoch_65": 0.35339565463720113,
    "epoch_66": 0.35682831231364376,
    "epoch_67": 0.3616306494969609,
    "epoch_68": 0.35452936918900346,
    "epoch_69": 0.3529229367663848,
    "epoch_70": 0.36019070648356327,
    "epoch_71": 0.36699101199857165,
    "epoch_72": 0.37041157976571865,
    "epoch_73": 0.3575419393263887,
    "epoch_74": 0.3585230244251367,
    "epoch_75": 0.3541529178619385,
    "epoch_76": 0.3535160257147563,
    "epoch_77": 0.35563094899720055,
    "epoch_78": 0.3520418311049926,
    "epoch_79": 0.3541470457155293,
    "epoch_80": 0.35638888636755767,
    "epoch_81": 0.35669775782105895,
    "epoch_82": 0.3551461157871137,
    "epoch_83": 0.36678830140959756,
    "epoch_84": 0.3752216091981559,
    "epoch_85": 0.3628300362218961,
    "epoch_86": 0.36331745439395935,
    "epoch_87": 0.3582056443834653,
    "epoch_88": 0.3563921648575524,
    "epoch_89": 0.36315703727074594,
    "epoch_90": 0.3600910353385846,
    "epoch_91": 0.3595140646387178,
    "epoch_92": 0.35566824899086996,
    "epoch_93": 0.3541376235747753,
    "epoch_94": 0.3658607819564159,
    "epoch_95": 0.3663726743015431,
    "epoch_96": 0.370128261031161,
    "epoch_97": 0.3603284131147139,
    "epoch_98": 0.382482825939142,
    "epoch_99": 0.376890898705735,
    "epoch_100": 0.3824389334841348,
    "epoch_101": 0.3641640339894801,
    "epoch_102": 0.37489409336821294,
    "epoch_103": 0.37494862139928603,
    "epoch_104": 0.37267311134319614,
    "epoch_105": 0.37139010268560346,
    "epoch_106": 0.36581981992909185,
    "epoch_107": 0.3654876149323899,
    "epoch_108": 0.3692739063464503,
    "epoch_109": 0.36380886026417825,
    "epoch_110": 0.36076759715774476,
    "epoch_111": 0.37018423605796125,
    "epoch_112": 0.3815474892145064,
    "epoch_113": 0.377162514961188,
    "epoch_114": 0.36508713350194166,
    "epoch_115": 0.36076178010961457,
    "epoch_116": 0.3694810025842087,
    "epoch_117": 0.36281573365349795,
    "epoch_118": 0.36417109380618046,
    "epoch_119": 0.36667146784593174,
    "epoch_120": 0.3868680268341802,
    "epoch_121": 0.3783685468166581,
    "epoch_122": 0.37948758098568525,
    "epoch_123": 0.38249730073782484,
    "epoch_124": 0.37581810296553453,
    "epoch_125": 0.3977713484386167,
    "epoch_126": 0.4032937664373193,
    "epoch_127": 0.3842950116355075,
    "epoch_128": 0.37631053159651023,
    "epoch_129": 0.3764434847153593,
    "epoch_130": 0.38028637891475103,
    "epoch_131": 0.381429713267567,
    "epoch_132": 0.3710425913400902,
    "epoch_133": 0.38078946476575026,
    "epoch_134": 0.3705794909082148,
    "epoch_135": 0.3693462129621575,
    "epoch_136": 0.36885874307577765,
    "epoch_137": 0.36283780633565615,
    "epoch_138": 0.3842224935389021,
    "epoch_139": 0.38193797931167234,
    "epoch_140": 0.3619850538398792,
    "epoch_141": 0.38404194550811743,
    "epoch_142": 0.3812640454408625,
    "epoch_143": 0.38450468219753864,
    "epoch_144": 0.40628444794994717,
    "epoch_145": 0.3970966387190398,
    "epoch_146": 0.4192389471601944,
    "epoch_147": 0.39627772291568375,
    "epoch_148": 0.4269875694587701,
    "epoch_149": 0.40356065048938256,
    "epoch_150": 0.377223741194048
}