{
    "accuracy": 0.8102866779089376,
    "precision": 0.8053097345132744,
    "recall": 0.8184373243395165,
    "f1_score": 0.8118204627822693,
    "roc_auc": 0.8102866779089375
}