{
    "accuracy": 0.8389544688026982,
    "precision": 0.8217716115261473,
    "recall": 0.865654862282181,
    "f1_score": 0.8431426225020531,
    "roc_auc": 0.8389544688026981
}