{
    "accuracy": 0.8114109050028105,
    "precision": 0.8202312138728324,
    "recall": 0.7976391231028668,
    "f1_score": 0.8087774294670846,
    "roc_auc": 0.8114109050028104
}