{
    "epoch_1": 0.6327314224552746,
    "epoch_2": 0.8132618078694979,
    "epoch_3": 0.8132618064623056,
    "epoch_4": 0.8132618080705254,
    "epoch_5": 0.8132618098797726,
    "epoch_6": 0.8132618076684704,
    "epoch_7": 0.8132618090756627,
    "epoch_8": 0.8132618084725803,
    "epoch_9": 0.8132618088746353,
    "epoch_10": 0.8132618076684704,
    "epoch_11": 0.8132618072664155,
    "epoch_12": 0.8132618072664155,
    "epoch_13": 0.8132618022407287,
    "epoch_14": 0.813261807065388,
    "epoch_15": 0.8132618092766901,
    "epoch_16": 0.8132618058592231,
    "epoch_17": 0.8132618094777176,
    "epoch_18": 0.8132618064623056,
    "epoch_19": 0.8132618082715528,
    "epoch_20": 0.8132618086736078,
    "epoch_21": 0.8132618064623056,
    "epoch_22": 0.8132618058592231,
    "epoch_23": 0.8132618052561408,
    "epoch_24": 0.8132618076684704,
    "epoch_25": 0.8132618072664155,
    "epoch_26": 0.813261803647921,
    "epoch_27": 0.8132618050551133,
    "epoch_28": 0.8132618078694979,
    "epoch_29": 0.8132618084725803,
    "epoch_30": 0.813261804049976,
    "epoch_31": 0.8132618076684704,
    "epoch_32": 0.8132618044520309,
    "epoch_33": 0.8132618068643606,
    "epoch_34": 0.813261810482855,
    "epoch_35": 0.8132618064623056,
    "epoch_36": 0.8132618084725803,
    "epoch_37": 0.8132618078694979,
    "epoch_38": 0.813261806663333,
    "epoch_39": 0.8132618052561408,
    "epoch_40": 0.813261804049976,
    "epoch_41": 0.8132618062612781,
    "epoch_42": 0.813261806663333,
    "epoch_43": 0.8132618096787451,
    "epoch_44": 0.8132618086736078,
    "epoch_45": 0.8132618094777176,
    "epoch_46": 0.813261806663333,
    "epoch_47": 0.8132618042510035,
    "epoch_48": 0.8132618084725803,
    "epoch_49": 0.8132618056581957,
    "epoch_50": 0.8132618120910747,
    "epoch_51": 0.8132618046530584,
    "epoch_52": 0.8132618092766901,
    "epoch_53": 0.813261807065388,
    "epoch_54": 0.8132618100808,
    "epoch_55": 0.8132618048540858,
    "epoch_56": 0.8132618048540858,
    "epoch_57": 0.8132618068643606,
    "epoch_58": 0.8132618080705254,
    "epoch_59": 0.8132618072664155,
    "epoch_60": 0.8132618092766901,
    "epoch_61": 0.8132618086736078,
    "epoch_62": 0.8132618076684704,
    "epoch_63": 0.8132618044520309,
    "epoch_64": 0.8132618074674429,
    "epoch_65": 0.8132618068643606,
    "epoch_66": 0.8132618064623056,
    "epoch_67": 0.813261806663333,
    "epoch_68": 0.8132618080705254,
    "epoch_69": 0.8132618056581957,
    "epoch_70": 0.8132618076684704,
    "epoch_71": 0.8132618050551133,
    "epoch_72": 0.8132618054571682,
    "epoch_73": 0.813261804049976,
    "epoch_74": 0.8132618080705254,
    "epoch_75": 0.8132618034468936,
    "epoch_76": 0.813261807065388,
    "epoch_77": 0.8132618080705254,
    "epoch_78": 0.8132618068643606,
    "epoch_79": 0.813261803647921,
    "epoch_80": 0.8132618078694979,
    "epoch_81": 0.8132618046530584,
    "epoch_82": 0.8132618076684704,
    "epoch_83": 0.8132618046530584,
    "epoch_84": 0.8132618076684704,
    "epoch_85": 0.8132618072664155,
    "epoch_86": 0.8132618026427837,
    "epoch_87": 0.813261806663333,
    "epoch_88": 0.813261806663333,
    "epoch_89": 0.813261807065388,
    "epoch_90": 0.813261807065388,
    "epoch_91": 0.8132618094777176,
    "epoch_92": 0.8132618054571682,
    "epoch_93": 0.8132618054571682,
    "epoch_94": 0.813261803245866,
    "epoch_95": 0.8132618038489485,
    "epoch_96": 0.8132618042510035,
    "epoch_97": 0.8132618058592231,
    "epoch_98": 0.8132618056581957,
    "epoch_99": 0.813261806663333,
    "epoch_100": 0.8132618082715528,
    "epoch_101": 0.8132618046530584,
    "epoch_102": 0.8132618056581957,
    "epoch_103": 0.813261806663333,
    "epoch_104": 0.8132618088746353,
    "epoch_105": 0.8132618060602507,
    "epoch_106": 0.8132618030448386,
    "epoch_107": 0.8132618088746353,
    "epoch_108": 0.8132618076684704,
    "epoch_109": 0.8132618038489485,
    "epoch_110": 0.8132618068643606,
    "epoch_111": 0.813261803647921,
    "epoch_112": 0.8132618058592231,
    "epoch_113": 0.8132618064623056,
    "epoch_114": 0.8132618058592231,
    "epoch_115": 0.8132618046530584,
    "epoch_116": 0.813261803245866,
    "epoch_117": 0.8132618052561408,
    "epoch_118": 0.8132618068643606,
    "epoch_119": 0.8132618052561408,
    "epoch_120": 0.8132618114879924,
    "epoch_121": 0.8132618094777176,
    "epoch_122": 0.8132618086736078,
    "epoch_123": 0.8132618060602507,
    "epoch_124": 0.8132618050551133,
    "epoch_125": 0.8132618062612781,
    "epoch_126": 0.813261806663333,
    "epoch_127": 0.8132618084725803,
    "epoch_128": 0.8132618106838825,
    "epoch_129": 0.8132618084725803,
    "epoch_130": 0.8132618046530584,
    "epoch_131": 0.8132618058592231,
    "epoch_132": 0.8132618090756627,
    "epoch_133": 0.8132618060602507,
    "epoch_134": 0.8132618048540858,
    "epoch_135": 0.8132618094777176,
    "epoch_136": 0.8132618054571682,
    "epoch_137": 0.8132618062612781,
    "epoch_138": 0.8132618076684704,
    "epoch_139": 0.8132618074674429,
    "epoch_140": 0.8132618062612781,
    "epoch_141": 0.8132618086736078,
    "epoch_142": 0.8132618052561408,
    "epoch_143": 0.813261803647921,
    "epoch_144": 0.8132618056581957,
    "epoch_145": 0.8132618062612781,
    "epoch_146": 0.8132618076684704,
    "epoch_147": 0.8132618090756627,
    "epoch_148": 0.8132618092766901,
    "epoch_149": 0.8132618044520309,
    "epoch_150": 0.8132618058592231
}