{
    "epoch_1": 0.589341702288359,
    "epoch_2": 0.5839539538648036,
    "epoch_3": 0.5614301071802239,
    "epoch_4": 0.5456616918212447,
    "epoch_5": 0.5189900448511262,
    "epoch_6": 0.4982434678540061,
    "epoch_7": 0.4857420090579665,
    "epoch_8": 0.46549463834971644,
    "epoch_9": 0.45048178810293316,
    "epoch_10": 0.43646802065947404,
    "epoch_11": 0.43385930170900305,
    "epoch_12": 0.4256921773415191,
    "epoch_13": 0.41582648905895614,
    "epoch_14": 0.41567145923739945,
    "epoch_15": 0.39999743446732855,
    "epoch_16": 0.39860075209635304,
    "epoch_17": 0.39991300579468275,
    "epoch_18": 0.39217948184849644,
    "epoch_19": 0.4173863312044192,
    "epoch_20": 0.41439049928425536,
    "epoch_21": 0.4259399679720301,
    "epoch_22": 0.4137440902788764,
    "epoch_23": 0.39703759028376856,
    "epoch_24": 0.3956716017417522,
    "epoch_25": 0.39467609727764613,
    "epoch_26": 0.39158610610093475,
    "epoch_27": 0.3950992808072603,
    "epoch_28": 0.4037918393165627,
    "epoch_29": 0.3960757920955124,
    "epoch_30": 0.400203902494244,
    "epoch_31": 0.39531202390664344,
    "epoch_32": 0.3915239065433232,
    "epoch_33": 0.3995163978452827,
    "epoch_34": 0.3922667115876486,
    "epoch_35": 0.3870736652039758,
    "epoch_36": 0.3900849201526449,
    "epoch_37": 0.4058154231882819,
    "epoch_38": 0.42246727095084485,
    "epoch_39": 0.4212701864427499,
    "epoch_40": 0.4158059183702903,
    "epoch_41": 0.3969741870239251,
    "epoch_42": 0.39599437612104177,
    "epoch_43": 0.3943779425315471,
    "epoch_44": 0.41742927886382325,
    "epoch_45": 0.4126390155411088,
    "epoch_46": 0.41452811515150345,
    "epoch_47": 0.44436322300872355,
    "epoch_48": 0.44633728165248593,
    "epoch_49": 0.4205614204752506,
    "epoch_50": 0.39864745017448927,
    "epoch_51": 0.40560143170831175,
    "epoch_52": 0.4612456046007134,
    "epoch_53": 0.4400561387080567,
    "epoch_54": 0.46392514191027634,
    "epoch_55": 0.44053945739393896,
    "epoch_56": 0.4969967152879371,
    "epoch_57": 0.45218034764566467,
    "epoch_58": 0.424672172453512,
    "epoch_59": 0.45595320707428916,
    "epoch_60": 0.5439870638951886,
    "epoch_61": 0.5745095852856692,
    "epoch_62": 0.5900799085277731,
    "epoch_63": 0.5802985264921269,
    "epoch_64": 0.5710440330822995,
    "epoch_65": 0.5664197229112783,
    "epoch_66": 0.5705123617114345,
    "epoch_67": 0.548519792434136,
    "epoch_68": 0.5592265775392671,
    "epoch_69": 0.5510360274909921,
    "epoch_70": 0.6155600141715039,
    "epoch_71": 0.6114602291965967,
    "epoch_72": 0.5971936388019767,
    "epoch_73": 0.5722503087170812,
    "epoch_74": 0.6592199274199005,
    "epoch_75": 0.5778220954773599,
    "epoch_76": 0.6956562454141614,
    "epoch_77": 0.7231473058813941,
    "epoch_78": 0.7725702423671446,
    "epoch_79": 0.7204694024728482,
    "epoch_80": 0.7790579578727735,
    "epoch_81": 0.8132618078694979,
    "epoch_82": 0.8132618034468936,
    "epoch_83": 0.8132618026427837,
    "epoch_84": 0.8132618084725803,
    "epoch_85": 0.8132618052561408,
    "epoch_86": 0.8132618096787451,
    "epoch_87": 0.8132618012355913,
    "epoch_88": 0.8132618034468936,
    "epoch_89": 0.8132618076684704,
    "epoch_90": 0.813261807065388,
    "epoch_91": 0.8132618038489485,
    "epoch_92": 0.813261804049976,
    "epoch_93": 0.8132618052561408,
    "epoch_94": 0.8132618060602507,
    "epoch_95": 0.8132618084725803,
    "epoch_96": 0.8132618046530584,
    "epoch_97": 0.8132618078694979,
    "epoch_98": 0.8132618052561408,
    "epoch_99": 0.8132618056581957,
    "epoch_100": 0.813261806663333,
    "epoch_101": 0.8132618080705254,
    "epoch_102": 0.8132618026427837,
    "epoch_103": 0.8132618078694979,
    "epoch_104": 0.8132618076684704,
    "epoch_105": 0.8132618060602507,
    "epoch_106": 0.813261807065388,
    "epoch_107": 0.813261810482855,
    "epoch_108": 0.813261804049976,
    "epoch_109": 0.8132618064623056,
    "epoch_110": 0.8132618046530584,
    "epoch_111": 0.813261804049976,
    "epoch_112": 0.8132618078694979,
    "epoch_113": 0.8132618042510035,
    "epoch_114": 0.8132618096787451,
    "epoch_115": 0.8132618088746353,
    "epoch_116": 0.8132618054571682,
    "epoch_117": 0.8132618044520309,
    "epoch_118": 0.8132618096787451,
    "epoch_119": 0.8132618048540858,
    "epoch_120": 0.8132618050551133,
    "epoch_121": 0.8132618068643606,
    "epoch_122": 0.8132618096787451,
    "epoch_123": 0.8132618092766901,
    "epoch_124": 0.8132618080705254,
    "epoch_125": 0.8132618072664155,
    "epoch_126": 0.8132618076684704,
    "epoch_127": 0.8132618106838825,
    "epoch_128": 0.8132618064623056,
    "epoch_129": 0.813261807065388,
    "epoch_130": 0.8132618074674429,
    "epoch_131": 0.813261803647921,
    "epoch_132": 0.8132618034468936,
    "epoch_133": 0.8132618090756627,
    "epoch_134": 0.8132618090756627,
    "epoch_135": 0.8132618082715528,
    "epoch_136": 0.8132618052561408,
    "epoch_137": 0.8132618064623056,
    "epoch_138": 0.8132618058592231,
    "epoch_139": 0.8132618090756627,
    "epoch_140": 0.8132618076684704,
    "epoch_141": 0.8132618064623056,
    "epoch_142": 0.8132618076684704,
    "epoch_143": 0.813261806663333,
    "epoch_144": 0.8132618068643606,
    "epoch_145": 0.8132618074674429,
    "epoch_146": 0.813261806663333,
    "epoch_147": 0.8132618112869648,
    "epoch_148": 0.8132618096787451,
    "epoch_149": 0.8132618068643606,
    "epoch_150": 0.8132618068643606
}