{
    "epoch_1": 0.6816617312988291,
    "epoch_2": 0.632752572146153,
    "epoch_3": 0.6126038339047191,
    "epoch_4": 0.5955929777013146,
    "epoch_5": 0.5857671631045225,
    "epoch_6": 0.5597031148130786,
    "epoch_7": 0.5369084638628939,
    "epoch_8": 0.5346635429655143,
    "epoch_9": 0.5128542385125145,
    "epoch_10": 0.5124281986403063,
    "epoch_11": 0.5030693799015286,
    "epoch_12": 0.4788374818540379,
    "epoch_13": 0.4694895572695116,
    "epoch_14": 0.45746238936415917,
    "epoch_15": 0.4419163113679832,
    "epoch_16": 0.45323789804745734,
    "epoch_17": 0.42676159514255035,
    "epoch_18": 0.4186188406790889,
    "epoch_19": 0.40989631198481574,
    "epoch_20": 0.4170431770770569,
    "epoch_21": 0.41061435045114836,
    "epoch_22": 0.4001344701299661,
    "epoch_23": 0.3937503601297001,
    "epoch_24": 0.39127861712590967,
    "epoch_25": 0.3863951528839288,
    "epoch_26": 0.3938420892580832,
    "epoch_27": 0.38660605016311655,
    "epoch_28": 0.381225410548692,
    "epoch_29": 0.3802674588451231,
    "epoch_30": 0.3798255627412933,
    "epoch_31": 0.3839163945511979,
    "epoch_32": 0.38262103249474216,
    "epoch_33": 0.3797883775590138,
    "epoch_34": 0.381095217772382,
    "epoch_35": 0.38018961262881645,
    "epoch_36": 0.3879630042939243,
    "epoch_37": 0.3797684530963159,
    "epoch_38": 0.37734373355939343,
    "epoch_39": 0.4973660583871368,
    "epoch_40": 0.5432304485673684,
    "epoch_41": 0.4859354889147137,
    "epoch_42": 0.43567890907957135,
    "epoch_43": 0.4102115111750115,
    "epoch_44": 0.3971151354385867,
    "epoch_45": 0.38452097068050367,
    "epoch_46": 0.3791976402805121,
    "epoch_47": 0.38095576723317365,
    "epoch_48": 0.37127410211390366,
    "epoch_49": 0.36743780428882244,
    "epoch_50": 0.3669457980091314,
    "epoch_51": 0.3645302255700187,
    "epoch_52": 0.3637307983945862,
    "epoch_53": 0.3634005085815868,
    "epoch_54": 0.36406896169821523,
    "epoch_55": 0.36250348963415824,
    "epoch_56": 0.3645900100711582,
    "epoch_57": 0.3663330684968042,
    "epoch_58": 0.36290497324900056,
    "epoch_59": 0.3624739745756301,
    "epoch_60": 0.3617185416778574,
    "epoch_61": 0.36113179798501494,
    "epoch_62": 0.36149369784253305,
    "epoch_63": 0.36184361303396184,
    "epoch_64": 0.3610946884905823,
    "epoch_65": 0.36110644650265694,
    "epoch_66": 0.36239891525807044,
    "epoch_67": 0.3607967478792642,
    "epoch_68": 0.3609827405992409,
    "epoch_69": 0.36051537572108977,
    "epoch_70": 0.3604629321965033,
    "epoch_71": 0.3604538234452171,
    "epoch_72": 0.3610074205892969,
    "epoch_73": 0.3615645777054834,
    "epoch_74": 0.361697844030111,
    "epoch_75": 0.3640449498684089,
    "epoch_76": 0.36173434305161256,
    "epoch_77": 0.3647074885550028,
    "epoch_78": 0.36864024458416994,
    "epoch_79": 0.3680773885975325,
    "epoch_80": 0.36077571395484453,
    "epoch_81": 0.36170475748015674,
    "epoch_82": 0.3653951067987045,
    "epoch_83": 0.3676871573232547,
    "epoch_84": 0.3650083691719396,
    "epoch_85": 0.36263491405985043,
    "epoch_86": 0.46154648032060347,
    "epoch_87": 0.4109574905192383,
    "epoch_88": 0.38117339516490195,
    "epoch_89": 0.3647924448124399,
    "epoch_90": 0.36129618573382377,
    "epoch_91": 0.35644549298926786,
    "epoch_92": 0.35354732841644193,
    "epoch_93": 0.35280484400415035,
    "epoch_94": 0.35234092363039454,
    "epoch_95": 0.3505581056677052,
    "epoch_96": 0.35131205018053646,
    "epoch_97": 0.3496403404506276,
    "epoch_98": 0.3491893426319125,
    "epoch_99": 0.349135434828573,
    "epoch_100": 0.349048301735794,
    "epoch_101": 0.3489123955508607,
    "epoch_102": 0.3488977539546783,
    "epoch_103": 0.34889202476069003,
    "epoch_104": 0.34859489009649886,
    "epoch_105": 0.34859521042027375,
    "epoch_106": 0.34857496583856395,
    "epoch_107": 0.3485727082335301,
    "epoch_108": 0.3485709094465114,
    "epoch_109": 0.3485692635616014,
    "epoch_110": 0.3485678600416118,
    "epoch_111": 0.348566577741312,
    "epoch_112": 0.3485652367298786,
    "epoch_113": 0.3485638219665394,
    "epoch_114": 0.34856205523423595,
    "epoch_115": 0.3485578856082502,
    "epoch_116": 0.34854718121344563,
    "epoch_117": 0.34896035882400617,
    "epoch_118": 0.35187380690637193,
    "epoch_119": 0.36523822890007074,
    "epoch_120": 0.36200852117860116,
    "epoch_121": 0.3528123350161303,
    "epoch_122": 0.356268883347139,
    "epoch_123": 0.35454223578159394,
    "epoch_124": 0.3558773854648523,
    "epoch_125": 0.35527862257543463,
    "epoch_126": 0.35319591581188536,
    "epoch_127": 0.3485561616714115,
    "epoch_128": 0.34875446092628226,
    "epoch_129": 0.34627600553108706,
    "epoch_130": 0.3455698936153843,
    "epoch_131": 0.345480837239689,
    "epoch_132": 0.3453152319329147,
    "epoch_133": 0.3489608435538469,
    "epoch_134": 0.3463392440860231,
    "epoch_135": 0.3456741749011748,
    "epoch_136": 0.34531091195505015,
    "epoch_137": 0.34513659480212255,
    "epoch_138": 0.34483661836270313,
    "epoch_139": 0.34481513317788415,
    "epoch_140": 0.34481217502281863,
    "epoch_141": 0.34481049760440824,
    "epoch_142": 0.3448097727061956,
    "epoch_143": 0.34480906679509654,
    "epoch_144": 0.3448085819163373,
    "epoch_145": 0.34480824297774515,
    "epoch_146": 0.34480800891503327,
    "epoch_147": 0.3448077408244355,
    "epoch_148": 0.3448075484216846,
    "epoch_149": 0.34480734291410237,
    "epoch_150": 0.34480724116551137
}