{
    "epoch_1": 0.6903121349143863,
    "epoch_2": 0.6564494483626488,
    "epoch_3": 0.6203663429542515,
    "epoch_4": 0.5964303859278369,
    "epoch_5": 0.5778823061321364,
    "epoch_6": 0.5888232796165372,
    "epoch_7": 0.5570392185101611,
    "epoch_8": 0.5580895585806117,
    "epoch_9": 0.5340474582336264,
    "epoch_10": 0.5172517398093739,
    "epoch_11": 0.4997954878105881,
    "epoch_12": 0.48280267629108314,
    "epoch_13": 0.49272509884581206,
    "epoch_14": 0.45652411016046796,
    "epoch_15": 0.4396084534667858,
    "epoch_16": 0.4249097989977355,
    "epoch_17": 0.41695644107045066,
    "epoch_18": 0.4029779707198213,
    "epoch_19": 0.39537131078273774,
    "epoch_20": 0.3885633837998081,
    "epoch_21": 0.39862970021081423,
    "epoch_22": 0.396537169539627,
    "epoch_23": 0.37333778743441687,
    "epoch_24": 0.36794772519940255,
    "epoch_25": 0.3648379438562837,
    "epoch_26": 0.36236550422374286,
    "epoch_27": 0.3597938297895056,
    "epoch_28": 0.3584000104448031,
    "epoch_29": 0.35942842090944926,
    "epoch_30": 0.3576967106027749,
    "epoch_31": 0.35567488405729064,
    "epoch_32": 0.3542568175970596,
    "epoch_33": 0.35311134557332463,
    "epoch_34": 0.3528022683861477,
    "epoch_35": 0.35285214937890724,
    "epoch_36": 0.35486815698140123,
    "epoch_37": 0.3557670023286488,
    "epoch_38": 0.3552828898401585,
    "epoch_39": 0.35219468521096725,
    "epoch_40": 0.353167856629104,
    "epoch_41": 0.3505982304508895,
    "epoch_42": 0.3531642015505834,
    "epoch_43": 0.3560652932895931,
    "epoch_44": 0.3533564939876292,
    "epoch_45": 0.3498744363435685,
    "epoch_46": 0.351618010691468,
    "epoch_47": 0.35040541692447036,
    "epoch_48": 0.3515122854222069,
    "epoch_49": 0.35434708889670347,
    "epoch_50": 0.3503134115260354,
    "epoch_51": 0.35465148661682244,
    "epoch_52": 0.3598242741225847,
    "epoch_53": 0.3585622086306866,
    "epoch_54": 0.35261647686562314,
    "epoch_55": 0.355475246803931,
    "epoch_56": 0.35126161589274135,
    "epoch_57": 0.35049242096657385,
    "epoch_58": 0.3567907785182069,
    "epoch_59": 0.3564089499169724,
    "epoch_60": 0.3550756647554815,
    "epoch_61": 0.35599011473085523,
    "epoch_62": 0.4510541765849143,
    "epoch_63": 0.402010645246342,
    "epoch_64": 0.36909741269325114,
    "epoch_65": 0.360464585970016,
    "epoch_66": 0.35316246102238086,
    "epoch_67": 0.3484767441949806,
    "epoch_68": 0.3479450650506194,
    "epoch_69": 0.3454636367287369,
    "epoch_70": 0.34382756405646375,
    "epoch_71": 0.3448173468964494,
    "epoch_72": 0.34413173062482033,
    "epoch_73": 0.3446178365565076,
    "epoch_74": 0.34327568911664974,
    "epoch_75": 0.3423997818716533,
    "epoch_76": 0.3422934759176786,
    "epoch_77": 0.3420747536590164,
    "epoch_78": 0.3427376469484985,
    "epoch_79": 0.34351218671602196,
    "epoch_80": 0.42043557169472395,
    "epoch_81": 0.35781953493357077,
    "epoch_82": 0.3484514949565897,
    "epoch_83": 0.3455437433429335,
    "epoch_84": 0.3439268482929835,
    "epoch_85": 0.3423139660703812,
    "epoch_86": 0.3416407834244191,
    "epoch_87": 0.3428525458247893,
    "epoch_88": 0.3418148161655584,
    "epoch_89": 0.34183916981764373,
    "epoch_90": 0.3410891794503349,
    "epoch_91": 0.34081997911036105,
    "epoch_92": 0.3407546236501647,
    "epoch_93": 0.34075059225102944,
    "epoch_94": 0.34074920652212665,
    "epoch_95": 0.34074817156367404,
    "epoch_96": 0.3407473831373269,
    "epoch_97": 0.340746719651843,
    "epoch_98": 0.3407461179761711,
    "epoch_99": 0.34074558736829136,
    "epoch_100": 0.34074497934694853,
    "epoch_101": 0.34074456707373507,
    "epoch_102": 0.34074417705689225,
    "epoch_103": 0.3407437965399468,
    "epoch_104": 0.3407434657183506,
    "epoch_105": 0.3407431563901559,
    "epoch_106": 0.3407428812467043,
    "epoch_107": 0.3407426005391601,
    "epoch_108": 0.3407423584080844,
    "epoch_109": 0.34074212438123064,
    "epoch_110": 0.34074191180125574,
    "epoch_111": 0.3407416986350971,
    "epoch_112": 0.3407415008864997,
    "epoch_113": 0.34074130540820086,
    "epoch_114": 0.3407411287249977,
    "epoch_115": 0.3407409614207333,
    "epoch_116": 0.3407407984244537,
    "epoch_117": 0.3407406362841883,
    "epoch_118": 0.34074049214813584,
    "epoch_119": 0.3407403484586995,
    "epoch_120": 0.3407402123059104,
    "epoch_121": 0.3407400866299914,
    "epoch_122": 0.3407399452759853,
    "epoch_123": 0.34073982899761407,
    "epoch_124": 0.3407397174180168,
    "epoch_125": 0.3407396035215983,
    "epoch_126": 0.3407394894297853,
    "epoch_127": 0.340739389359858,
    "epoch_128": 0.34073928375375145,
    "epoch_129": 0.3407391838233917,
    "epoch_130": 0.3407390873915249,
    "epoch_131": 0.3407390038463945,
    "epoch_132": 0.34073891489534797,
    "epoch_133": 0.3407388269026652,
    "epoch_134": 0.34073873907746355,
    "epoch_135": 0.34073866299454436,
    "epoch_136": 0.3407385884003456,
    "epoch_137": 0.34073850913528647,
    "epoch_138": 0.3407384359274586,
    "epoch_139": 0.3407383770764786,
    "epoch_140": 0.3407383023985393,
    "epoch_141": 0.34073823245659196,
    "epoch_142": 0.3407381631938733,
    "epoch_143": 0.3407381145034103,
    "epoch_144": 0.3407380477901254,
    "epoch_145": 0.3407379875248609,
    "epoch_146": 0.3407379251567788,
    "epoch_147": 0.340737865477698,
    "epoch_148": 0.34073781520546953,
    "epoch_149": 0.34073776778972337,
    "epoch_150": 0.34073771598225194
}