{
    "epoch_1": 0.6908846841165232,
    "epoch_2": 0.6365780905214866,
    "epoch_3": 0.5973508978619716,
    "epoch_4": 0.5750181687615351,
    "epoch_5": 0.5684213108527966,
    "epoch_6": 0.5525094932090633,
    "epoch_7": 0.538509610516812,
    "epoch_8": 0.5364434432417508,
    "epoch_9": 0.5150109288991801,
    "epoch_10": 0.49929109239935654,
    "epoch_11": 0.51188133795659,
    "epoch_12": 0.48866640071359596,
    "epoch_13": 0.47712567346234536,
    "epoch_14": 0.4553222607479179,
    "epoch_15": 0.5209877957112338,
    "epoch_16": 0.46292620737205664,
    "epoch_17": 0.4413547009918408,
    "epoch_18": 0.46186528032381485,
    "epoch_19": 0.42182610166735535,
    "epoch_20": 0.4047139261864931,
    "epoch_21": 0.39436463606796884,
    "epoch_22": 0.3961648683783265,
    "epoch_23": 0.4280952838418783,
    "epoch_24": 0.3970172646304803,
    "epoch_25": 0.38161429496648386,
    "epoch_26": 0.3738855483902759,
    "epoch_27": 0.3718414655854596,
    "epoch_28": 0.3673975628886202,
    "epoch_29": 0.36581232106961137,
    "epoch_30": 0.364040565557736,
    "epoch_31": 0.3636184997442437,
    "epoch_32": 0.36255260436405323,
    "epoch_33": 0.3624893186391703,
    "epoch_34": 0.3614953401347833,
    "epoch_35": 0.362693612535323,
    "epoch_36": 0.3642485745432673,
    "epoch_37": 0.36988215205224134,
    "epoch_38": 0.3663606616871421,
    "epoch_39": 0.3667178900073574,
    "epoch_40": 0.36724311135695326,
    "epoch_41": 0.36771856029654654,
    "epoch_42": 0.36601953786436575,
    "epoch_43": 0.36405499140818665,
    "epoch_44": 0.527891082997474,
    "epoch_45": 0.44203388646272923,
    "epoch_46": 0.3870150097305517,
    "epoch_47": 0.3754188147728924,
    "epoch_48": 0.3656897334141109,
    "epoch_49": 0.3616229215128432,
    "epoch_50": 0.36078945794454,
    "epoch_51": 0.357939842844069,
    "epoch_52": 0.3566880644224049,
    "epoch_53": 0.35627649647231996,
    "epoch_54": 0.35600095168267987,
    "epoch_55": 0.35493830380627395,
    "epoch_56": 0.35475680717894764,
    "epoch_57": 0.35403649271614174,
    "epoch_58": 0.3539418511506843,
    "epoch_59": 0.35391652234117366,
    "epoch_60": 0.353624502582002,
    "epoch_61": 0.3536083659553885,
    "epoch_62": 0.3536019934333168,
    "epoch_63": 0.3535967783061212,
    "epoch_64": 0.35359229764515426,
    "epoch_65": 0.35358854359496317,
    "epoch_66": 0.3535849216727448,
    "epoch_67": 0.35358081548605613,
    "epoch_68": 0.3535694134451314,
    "epoch_69": 0.35339307945121606,
    "epoch_70": 0.3533137604491849,
    "epoch_71": 0.3532671458940071,
    "epoch_72": 0.3532638244521685,
    "epoch_73": 0.3532611212828694,
    "epoch_74": 0.3532587657638969,
    "epoch_75": 0.3532558930508425,
    "epoch_76": 0.3532483484654185,
    "epoch_77": 0.35303631259232,
    "epoch_78": 0.3536218889499738,
    "epoch_79": 0.3540165499178489,
    "epoch_80": 0.35392796637712604,
    "epoch_81": 0.36594142912329175,
    "epoch_82": 0.37167309359562983,
    "epoch_83": 0.3658213971332786,
    "epoch_84": 0.40045338910047446,
    "epoch_85": 0.37164104673581,
    "epoch_86": 0.3634794931870412,
    "epoch_87": 0.3556096545053526,
    "epoch_88": 0.3562757687446551,
    "epoch_89": 0.35245675567088464,
    "epoch_90": 0.35136476466240246,
    "epoch_91": 0.3531413815454868,
    "epoch_92": 0.35330985530252235,
    "epoch_93": 0.34939489105505767,
    "epoch_94": 0.3488141975128822,
    "epoch_95": 0.3484859836987597,
    "epoch_96": 0.34829129640718015,
    "epoch_97": 0.3482654059327892,
    "epoch_98": 0.348260426245802,
    "epoch_99": 0.34825751619142414,
    "epoch_100": 0.3482555457013313,
    "epoch_101": 0.34825415122814285,
    "epoch_102": 0.3482529454719715,
    "epoch_103": 0.34825188018321096,
    "epoch_104": 0.34825072967581716,
    "epoch_105": 0.3482496306942374,
    "epoch_106": 0.348248392250447,
    "epoch_107": 0.34824744873982083,
    "epoch_108": 0.3482465927188356,
    "epoch_109": 0.3482458880363145,
    "epoch_110": 0.3482452931067558,
    "epoch_111": 0.34824478974348305,
    "epoch_112": 0.34824433157698653,
    "epoch_113": 0.3482440241346651,
    "epoch_114": 0.3482436536625726,
    "epoch_115": 0.3482433528471261,
    "epoch_116": 0.3482430097388149,
    "epoch_117": 0.34824266785908164,
    "epoch_118": 0.34824208551313934,
    "epoch_119": 0.3482394166323336,
    "epoch_120": 0.3485201759162655,
    "epoch_121": 0.36803529193295603,
    "epoch_122": 0.38725170011002147,
    "epoch_123": 0.36836327935367136,
    "epoch_124": 0.3613050430733885,
    "epoch_125": 0.35716263500323225,
    "epoch_126": 0.36121775834430836,
    "epoch_127": 0.35763685782204413,
    "epoch_128": 0.3531265109125932,
    "epoch_129": 0.3525325083717713,
    "epoch_130": 0.3516260035182445,
    "epoch_131": 0.3669075187409691,
    "epoch_132": 0.3579885599614679,
    "epoch_133": 0.3603098639691345,
    "epoch_134": 0.36039258345151826,
    "epoch_135": 0.3515973575483033,
    "epoch_136": 0.3493501190503339,
    "epoch_137": 0.3508087796467978,
    "epoch_138": 0.35192789335611235,
    "epoch_139": 0.351249709567154,
    "epoch_140": 0.3494323750423834,
    "epoch_141": 0.3490164062516679,
    "epoch_142": 0.34820082428156024,
    "epoch_143": 0.3469225354004025,
    "epoch_144": 0.3468473023507537,
    "epoch_145": 0.34620182027227053,
    "epoch_146": 0.3458887924632752,
    "epoch_147": 0.34575141890952915,
    "epoch_148": 0.3457467895534022,
    "epoch_149": 0.34574625106396933,
    "epoch_150": 0.34574583170936674
}