{
    "epoch_1": 0.6811241547365922,
    "epoch_2": 0.6388670685587639,
    "epoch_3": 0.6114320574441156,
    "epoch_4": 0.5883155475178039,
    "epoch_5": 0.5739757105903578,
    "epoch_6": 0.5644389466149297,
    "epoch_7": 0.5505185669694075,
    "epoch_8": 0.5355043801793749,
    "epoch_9": 0.5160336072634042,
    "epoch_10": 0.5284529426446339,
    "epoch_11": 0.5220693413500932,
    "epoch_12": 0.49327090529633044,
    "epoch_13": 0.4866117918439242,
    "epoch_14": 0.4564383644785157,
    "epoch_15": 0.44406010641447086,
    "epoch_16": 0.43287729706933986,
    "epoch_17": 0.4377750909976256,
    "epoch_18": 0.414512669087052,
    "epoch_19": 0.39882091772995615,
    "epoch_20": 0.3922711814440168,
    "epoch_21": 0.390178021343703,
    "epoch_22": 0.39129920801767926,
    "epoch_23": 0.3821455105478357,
    "epoch_24": 0.3766106994802843,
    "epoch_25": 0.37762832634155635,
    "epoch_26": 0.373502490056596,
    "epoch_27": 0.3706814494451681,
    "epoch_28": 0.3698438117088637,
    "epoch_29": 0.4135074287485436,
    "epoch_30": 0.38027129997542913,
    "epoch_31": 0.3696052537047811,
    "epoch_32": 0.3661758799168708,
    "epoch_33": 0.36546262117715866,
    "epoch_34": 0.36461938423413476,
    "epoch_35": 0.3623767640350909,
    "epoch_36": 0.36174881443390616,
    "epoch_37": 0.3606495951615893,
    "epoch_38": 0.36038677996579443,
    "epoch_39": 0.3602428818999939,
    "epoch_40": 0.3602026785112485,
    "epoch_41": 0.3601871139179685,
    "epoch_42": 0.3601770564066776,
    "epoch_43": 0.36016842791767584,
    "epoch_44": 0.36016032295179395,
    "epoch_45": 0.36015005218915686,
    "epoch_46": 0.3597587945497014,
    "epoch_47": 0.3597591882717006,
    "epoch_48": 0.36107858382561,
    "epoch_49": 0.36120745694168205,
    "epoch_50": 0.37417768482712194,
    "epoch_51": 0.37673659811609617,
    "epoch_52": 0.3688226597224229,
    "epoch_53": 0.36718894681805453,
    "epoch_54": 0.415999835428039,
    "epoch_55": 0.3748285497150743,
    "epoch_56": 0.3645353895436965,
    "epoch_57": 0.36251039539628443,
    "epoch_58": 0.3567762557675435,
    "epoch_59": 0.35309300686626566,
    "epoch_60": 0.35246819721245154,
    "epoch_61": 0.3512546285698371,
    "epoch_62": 0.3526167238897863,
    "epoch_63": 0.35184075354338434,
    "epoch_64": 0.4835290521252982,
    "epoch_65": 0.40243683577626294,
    "epoch_66": 0.36845716828483854,
    "epoch_67": 0.35866723992837957,
    "epoch_68": 0.35557207653181466,
    "epoch_69": 0.35115182496546804,
    "epoch_70": 0.351709544546972,
    "epoch_71": 0.3513675760210193,
    "epoch_72": 0.34993563157777946,
    "epoch_73": 0.3501292200925423,
    "epoch_74": 0.3480475409413635,
    "epoch_75": 0.34761731703530097,
    "epoch_76": 0.3470505065541205,
    "epoch_77": 0.3461170222407799,
    "epoch_78": 0.34609641632685284,
    "epoch_79": 0.3460559832126479,
    "epoch_80": 0.34580089705650097,
    "epoch_81": 0.3457810939251818,
    "epoch_82": 0.3457748070871138,
    "epoch_83": 0.34577077020338964,
    "epoch_84": 0.3457668844905963,
    "epoch_85": 0.34574829184361205,
    "epoch_86": 0.34545699471164537,
    "epoch_87": 0.34545174682237145,
    "epoch_88": 0.3454475163817778,
    "epoch_89": 0.34544523610389655,
    "epoch_90": 0.34544346628153344,
    "epoch_91": 0.34544215706420794,
    "epoch_92": 0.3454408256952499,
    "epoch_93": 0.3454395907324303,
    "epoch_94": 0.34543790033949234,
    "epoch_95": 0.3454335167734121,
    "epoch_96": 0.3453681770523662,
    "epoch_97": 0.3458786033079968,
    "epoch_98": 0.35253711257928017,
    "epoch_99": 0.3552919747232274,
    "epoch_100": 0.3501055928634748,
    "epoch_101": 0.3532694652630045,
    "epoch_102": 0.3530631676306954,
    "epoch_103": 0.3511026927376449,
    "epoch_104": 0.4014009366103964,
    "epoch_105": 0.3575388353962514,
    "epoch_106": 0.3505597311135458,
    "epoch_107": 0.3500569947878321,
    "epoch_108": 0.3499347636433112,
    "epoch_109": 0.34637662865161,
    "epoch_110": 0.3448389042994888,
    "epoch_111": 0.3416416384070311,
    "epoch_112": 0.3414328637382226,
    "epoch_113": 0.3413999789510199,
    "epoch_114": 0.34138790225327426,
    "epoch_115": 0.3413840406838988,
    "epoch_116": 0.3413812295858894,
    "epoch_117": 0.34137961285178325,
    "epoch_118": 0.3413784632937451,
    "epoch_119": 0.3413774235072842,
    "epoch_120": 0.3413762842246252,
    "epoch_121": 0.3413752203133611,
    "epoch_122": 0.34137435528280435,
    "epoch_123": 0.34137375677920073,
    "epoch_124": 0.34137326356100334,
    "epoch_125": 0.3413728471847715,
    "epoch_126": 0.34137246059224724,
    "epoch_127": 0.3413721633508457,
    "epoch_128": 0.34137190304124154,
    "epoch_129": 0.3413717231476478,
    "epoch_130": 0.3413715128746724,
    "epoch_131": 0.3413713574037189,
    "epoch_132": 0.3413711924019789,
    "epoch_133": 0.3413710750541711,
    "epoch_134": 0.3413709130308019,
    "epoch_135": 0.3413707986613648,
    "epoch_136": 0.3413706926313659,
    "epoch_137": 0.3413705910130786,
    "epoch_138": 0.3413704943463327,
    "epoch_139": 0.34137043410878415,
    "epoch_140": 0.34137035607547034,
    "epoch_141": 0.3413702887642912,
    "epoch_142": 0.341370225027157,
    "epoch_143": 0.34137018511698886,
    "epoch_144": 0.34137012793227034,
    "epoch_145": 0.3413700808740124,
    "epoch_146": 0.3413700422296518,
    "epoch_147": 0.34137000939311424,
    "epoch_148": 0.34136997365266514,
    "epoch_149": 0.34136993493384526,
    "epoch_150": 0.3413699081285085
}