{
    "epoch_1": 0.68153633042323,
    "epoch_2": 0.6407861342510531,
    "epoch_3": 0.6106892012939239,
    "epoch_4": 0.5894551889215836,
    "epoch_5": 0.5710026203729748,
    "epoch_6": 0.5749085923048349,
    "epoch_7": 0.5434838201685446,
    "epoch_8": 0.5302197795447374,
    "epoch_9": 0.5164728608450094,
    "epoch_10": 0.4901153031808745,
    "epoch_11": 0.46876342292132783,
    "epoch_12": 0.45518174102945225,
    "epoch_13": 0.4367843253362335,
    "epoch_14": 0.4436130051982172,
    "epoch_15": 0.41261384544485735,
    "epoch_16": 0.40126532144951566,
    "epoch_17": 0.39026186289003983,
    "epoch_18": 0.38005698442012353,
    "epoch_19": 0.3775633704952714,
    "epoch_20": 0.3723458296652513,
    "epoch_21": 0.37228500937983666,
    "epoch_22": 0.3674970570763225,
    "epoch_23": 0.3790183725541715,
    "epoch_24": 0.3682856549515269,
    "epoch_25": 0.36585822219330394,
    "epoch_26": 0.36351582979426245,
    "epoch_27": 0.3617333991314604,
    "epoch_28": 0.3597977345694161,
    "epoch_29": 0.3592765417641062,
    "epoch_30": 0.35810451314718855,
    "epoch_31": 0.3608195543438103,
    "epoch_32": 0.3609362254285723,
    "epoch_33": 0.36137482998595993,
    "epoch_34": 0.36323821181658283,
    "epoch_35": 0.3604674240635902,
    "epoch_36": 0.36164141241123643,
    "epoch_37": 0.3626110450987664,
    "epoch_38": 0.358908274522206,
    "epoch_39": 0.35724146983386723,
    "epoch_40": 0.355582734706028,
    "epoch_41": 0.3588286516891279,
    "epoch_42": 0.3551792747932699,
    "epoch_43": 0.3550493921956593,
    "epoch_44": 0.35529963200275483,
    "epoch_45": 0.3547263538405569,
    "epoch_46": 0.3596244163620405,
    "epoch_47": 0.3573210565914295,
    "epoch_48": 0.3547357340889525,
    "epoch_49": 0.356847400928869,
    "epoch_50": 0.3740699862704137,
    "epoch_51": 0.36086927288253184,
    "epoch_52": 0.3594623459159844,
    "epoch_53": 0.3635637507000839,
    "epoch_54": 0.357771764912507,
    "epoch_55": 0.3568723946344398,
    "epoch_56": 0.35413530012877714,
    "epoch_57": 0.3532050165215706,
    "epoch_58": 0.35107287513249225,
    "epoch_59": 0.35366521104658344,
    "epoch_60": 0.34993222800736723,
    "epoch_61": 0.3532737950694926,
    "epoch_62": 0.3563511323400172,
    "epoch_63": 0.3603775772655256,
    "epoch_64": 0.357773886741064,
    "epoch_65": 0.35315031278587594,
    "epoch_66": 0.3497651920401998,
    "epoch_67": 0.3484219633587296,
    "epoch_68": 0.34832114206486237,
    "epoch_69": 0.3482699562504022,
    "epoch_70": 0.34826341515254555,
    "epoch_71": 0.3482600912907807,
    "epoch_72": 0.34825790635799336,
    "epoch_73": 0.3482561193355391,
    "epoch_74": 0.3482547128930232,
    "epoch_75": 0.34825352457893555,
    "epoch_76": 0.34825248605828224,
    "epoch_77": 0.3482515618326067,
    "epoch_78": 0.34825079222160304,
    "epoch_79": 0.3482500857520595,
    "epoch_80": 0.3482494649479048,
    "epoch_81": 0.3482489183796413,
    "epoch_82": 0.34824839597341045,
    "epoch_83": 0.34824794069221066,
    "epoch_84": 0.34824750588730974,
    "epoch_85": 0.34824710023321265,
    "epoch_86": 0.34824672581477883,
    "epoch_87": 0.34824634491838863,
    "epoch_88": 0.3482460107451897,
    "epoch_89": 0.3482456545692768,
    "epoch_90": 0.34824533774508754,
    "epoch_91": 0.3482450136238899,
    "epoch_92": 0.348244721911089,
    "epoch_93": 0.3482444232735762,
    "epoch_94": 0.3482441648626834,
    "epoch_95": 0.3482438877625141,
    "epoch_96": 0.34824363117587337,
    "epoch_97": 0.3482433165110029,
    "epoch_98": 0.34824292157904047,
    "epoch_99": 0.3482421454156212,
    "epoch_100": 0.34823917359727985,
    "epoch_101": 0.34924887143992245,
    "epoch_102": 0.36064719241682547,
    "epoch_103": 0.43704601573169716,
    "epoch_104": 0.39828822554684223,
    "epoch_105": 0.39635982236439254,
    "epoch_106": 0.3788060703774976,
    "epoch_107": 0.35632575001290706,
    "epoch_108": 0.3557130860433513,
    "epoch_109": 0.35085673532509787,
    "epoch_110": 0.34739071702227453,
    "epoch_111": 0.34895034723546936,
    "epoch_112": 0.34721943425208907,
    "epoch_113": 0.3504699809263826,
    "epoch_114": 0.35020999786334067,
    "epoch_115": 0.35064405495118234,
    "epoch_116": 0.34902508652709113,
    "epoch_117": 0.34667681918004245,
    "epoch_118": 0.34838783122985384,
    "epoch_119": 0.3458300886267353,
    "epoch_120": 0.3450651226901472,
    "epoch_121": 0.34454886441227794,
    "epoch_122": 0.3445059759850654,
    "epoch_123": 0.3445041269008105,
    "epoch_124": 0.3445029015990811,
    "epoch_125": 0.34450194554206803,
    "epoch_126": 0.344501088999868,
    "epoch_127": 0.34450041585084723,
    "epoch_128": 0.34449964207012457,
    "epoch_129": 0.3444988385056943,
    "epoch_130": 0.34449713130357634,
    "epoch_131": 0.34447499069104265,
    "epoch_132": 0.34419489573270806,
    "epoch_133": 0.3441894799005531,
    "epoch_134": 0.3441878656608324,
    "epoch_135": 0.3441868942279804,
    "epoch_136": 0.34418620501437236,
    "epoch_137": 0.34418565641709375,
    "epoch_138": 0.3441852112995841,
    "epoch_139": 0.3441848348335204,
    "epoch_140": 0.3441845078084113,
    "epoch_141": 0.3441842320112792,
    "epoch_142": 0.34418399686890794,
    "epoch_143": 0.3441837515256168,
    "epoch_144": 0.34418354758167924,
    "epoch_145": 0.3441833600932401,
    "epoch_146": 0.3441831812420761,
    "epoch_147": 0.3441830128152098,
    "epoch_148": 0.3441828673217983,
    "epoch_149": 0.3441827398475299,
    "epoch_150": 0.3441826159473064
}