{
    "epoch_1": 0.6753582144170637,
    "epoch_2": 0.6301009634156693,
    "epoch_3": 0.6004675055737425,
    "epoch_4": 0.5760578196792352,
    "epoch_5": 0.5669141453279394,
    "epoch_6": 0.5535020269046453,
    "epoch_7": 0.5291093067753662,
    "epoch_8": 0.5335754680235312,
    "epoch_9": 0.513290768967842,
    "epoch_10": 0.4843926328329455,
    "epoch_11": 0.47314805060373855,
    "epoch_12": 0.47265764989966047,
    "epoch_13": 0.4421088989920591,
    "epoch_14": 0.4224093653822258,
    "epoch_15": 0.4213461241999753,
    "epoch_16": 0.40444742673045575,
    "epoch_17": 0.3938443048034576,
    "epoch_18": 0.38728577257728636,
    "epoch_19": 0.37827832837273023,
    "epoch_20": 0.3741490964382617,
    "epoch_21": 0.369659425475022,
    "epoch_22": 0.3672519065218719,
    "epoch_23": 0.3650480601011944,
    "epoch_24": 0.3662728535228322,
    "epoch_25": 0.3621403908137787,
    "epoch_26": 0.3615150507952398,
    "epoch_27": 0.3605945275196834,
    "epoch_28": 0.36027812903797557,
    "epoch_29": 0.36023008009250784,
    "epoch_30": 0.3602071862145584,
    "epoch_31": 0.36019051860281726,
    "epoch_32": 0.3608444634077142,
    "epoch_33": 0.37665944227084047,
    "epoch_34": 0.3896093024356716,
    "epoch_35": 0.3699747725572208,
    "epoch_36": 0.3667728043034268,
    "epoch_37": 0.36244012549859156,
    "epoch_38": 0.3599221900203174,
    "epoch_39": 0.36123029421985875,
    "epoch_40": 0.3639782478464718,
    "epoch_41": 0.3628917084032768,
    "epoch_42": 0.3571320901596654,
    "epoch_43": 0.3569503975052257,
    "epoch_44": 0.35799092882467815,
    "epoch_45": 0.3553399773191892,
    "epoch_46": 0.35914254684467595,
    "epoch_47": 0.3575221490309159,
    "epoch_48": 0.35605263584411184,
    "epoch_49": 0.3519825302843671,
    "epoch_50": 0.3515151600762527,
    "epoch_51": 0.35137721574235775,
    "epoch_52": 0.35514863351341935,
    "epoch_53": 0.36449958620836614,
    "epoch_54": 0.35792780246282047,
    "epoch_55": 0.35453668248828335,
    "epoch_56": 0.35128177666604576,
    "epoch_57": 0.3565273726131631,
    "epoch_58": 0.3519566335270191,
    "epoch_59": 0.4461981495153223,
    "epoch_60": 0.37554648205000574,
    "epoch_61": 0.360747789828583,
    "epoch_62": 0.35477072204272153,
    "epoch_63": 0.35635169769241554,
    "epoch_64": 0.35229782144650423,
    "epoch_65": 0.3517647412580287,
    "epoch_66": 0.35062058870583224,
    "epoch_67": 0.34919584229183764,
    "epoch_68": 0.3489629405013033,
    "epoch_69": 0.34892699924477033,
    "epoch_70": 0.3489899804005577,
    "epoch_71": 0.34870341007984174,
    "epoch_72": 0.3485931471069269,
    "epoch_73": 0.34857134363296216,
    "epoch_74": 0.34856661632215086,
    "epoch_75": 0.3485636830311286,
    "epoch_76": 0.34856144115770754,
    "epoch_77": 0.34855961375336253,
    "epoch_78": 0.3485580795432045,
    "epoch_79": 0.3485568729538937,
    "epoch_80": 0.34855565930246524,
    "epoch_81": 0.348554555304602,
    "epoch_82": 0.34855363493110103,
    "epoch_83": 0.3485526580048322,
    "epoch_84": 0.34855017280935907,
    "epoch_85": 0.34825602404556905,
    "epoch_86": 0.3504123218890246,
    "epoch_87": 0.35221486905943855,
    "epoch_88": 0.4018425404039205,
    "epoch_89": 0.36575655327935985,
    "epoch_90": 0.3641985330010741,
    "epoch_91": 0.35471129163406506,
    "epoch_92": 0.3499811793300386,
    "epoch_93": 0.348172601073971,
    "epoch_94": 0.3532911188018869,
    "epoch_95": 0.35156596758348513,
    "epoch_96": 0.3506727156380806,
    "epoch_97": 0.34878881943251916,
    "epoch_98": 0.34902071047491706,
    "epoch_99": 0.3502196641199819,
    "epoch_100": 0.3467476783489533,
    "epoch_101": 0.3456385331789553,
    "epoch_102": 0.344838024944281,
    "epoch_103": 0.34481210981054006,
    "epoch_104": 0.3448024938674484,
    "epoch_105": 0.3448003455321937,
    "epoch_106": 0.3447989781052479,
    "epoch_107": 0.3447980378294155,
    "epoch_108": 0.344797375646562,
    "epoch_109": 0.34479680579228955,
    "epoch_110": 0.34479617695677406,
    "epoch_111": 0.34479391764671474,
    "epoch_112": 0.3449838462190036,
    "epoch_113": 0.3445123466539487,
    "epoch_114": 0.34448828012951455,
    "epoch_115": 0.344485800181781,
    "epoch_116": 0.34448500696361495,
    "epoch_117": 0.34448475361130887,
    "epoch_118": 0.34448439537864756,
    "epoch_119": 0.3444842006726225,
    "epoch_120": 0.3444840696652234,
    "epoch_121": 0.34448393091647805,
    "epoch_122": 0.34448381032081754,
    "epoch_123": 0.34448374260264636,
    "epoch_124": 0.3444836159497546,
    "epoch_125": 0.344483526607919,
    "epoch_126": 0.34448346609143293,
    "epoch_127": 0.34448340989223614,
    "epoch_128": 0.3444833449840248,
    "epoch_129": 0.3444833072449615,
    "epoch_130": 0.34448326070383867,
    "epoch_131": 0.3444832279426844,
    "epoch_132": 0.34448319072467326,
    "epoch_133": 0.344483147803002,
    "epoch_134": 0.3444831329437111,
    "epoch_135": 0.3444830990474074,
    "epoch_136": 0.3444830758791955,
    "epoch_137": 0.3444830495939752,
    "epoch_138": 0.3444830291705916,
    "epoch_139": 0.344483010319669,
    "epoch_140": 0.3444829841181892,
    "epoch_141": 0.34448297847035597,
    "epoch_142": 0.3444829572933077,
    "epoch_143": 0.3444829459790323,
    "epoch_144": 0.34448292361100763,
    "epoch_145": 0.34448291263169434,
    "epoch_146": 0.3444828956044543,
    "epoch_147": 0.34447691084591997,
    "epoch_148": 0.3441719933111445,
    "epoch_149": 0.34417133832997615,
    "epoch_150": 0.3441711856058676
}