{
    "epoch_1": 0.6731271174533303,
    "epoch_2": 0.6240640976219011,
    "epoch_3": 0.60356405937694,
    "epoch_4": 0.6095883490553802,
    "epoch_5": 0.5789588241931575,
    "epoch_6": 0.5717048815531257,
    "epoch_7": 0.553062614428111,
    "epoch_8": 0.5523409048964425,
    "epoch_9": 0.5309285743023588,
    "epoch_10": 0.5139989409128031,
    "epoch_11": 0.5354565865989033,
    "epoch_12": 0.5188559140360854,
    "epoch_13": 0.4987173404714452,
    "epoch_14": 0.46917212817313,
    "epoch_15": 0.44896320634748993,
    "epoch_16": 0.4576325594522594,
    "epoch_17": 0.4795574714510535,
    "epoch_18": 0.42745397743919655,
    "epoch_19": 0.4103902749424052,
    "epoch_20": 0.39833663274614906,
    "epoch_21": 0.3945521320647407,
    "epoch_22": 0.3912035416320739,
    "epoch_23": 0.38766111168244866,
    "epoch_24": 0.38176231857838294,
    "epoch_25": 0.3797290260757527,
    "epoch_26": 0.3772025461274337,
    "epoch_27": 0.3746970092073818,
    "epoch_28": 0.37320589877753463,
    "epoch_29": 0.36919855732682494,
    "epoch_30": 0.36740027248003126,
    "epoch_31": 0.36628153966710686,
    "epoch_32": 0.36520206637862024,
    "epoch_33": 0.3651544834061908,
    "epoch_34": 0.3641435364720823,
    "epoch_35": 0.36311282531162264,
    "epoch_36": 0.36349306848926294,
    "epoch_37": 0.36855589740355266,
    "epoch_38": 0.4163065848314784,
    "epoch_39": 0.3788135821449987,
    "epoch_40": 0.3706254732005675,
    "epoch_41": 0.36932655146984217,
    "epoch_42": 0.3704502418925805,
    "epoch_43": 0.3647868391649936,
    "epoch_44": 0.3590621530525689,
    "epoch_45": 0.3577818953938815,
    "epoch_46": 0.35696527985466187,
    "epoch_47": 0.35634045614666077,
    "epoch_48": 0.3561406578405584,
    "epoch_49": 0.3557841022784527,
    "epoch_50": 0.35558000078505086,
    "epoch_51": 0.3554967929987815,
    "epoch_52": 0.35548386191815456,
    "epoch_53": 0.35547548394736317,
    "epoch_54": 0.3554694861043326,
    "epoch_55": 0.35546426148358024,
    "epoch_56": 0.3554573730704637,
    "epoch_57": 0.3557054519392713,
    "epoch_58": 0.35643562147723074,
    "epoch_59": 0.361989491288175,
    "epoch_60": 0.3720468443903902,
    "epoch_61": 0.3634464612124787,
    "epoch_62": 0.371633958641549,
    "epoch_63": 0.36146756100103605,
    "epoch_64": 0.36091940485634405,
    "epoch_65": 0.35884317567689505,
    "epoch_66": 0.361018132672021,
    "epoch_67": 0.3565936066968824,
    "epoch_68": 0.3585111383048539,
    "epoch_69": 0.3603389205819439,
    "epoch_70": 0.3606587417940286,
    "epoch_71": 0.3561764943979443,
    "epoch_72": 0.35648725257673386,
    "epoch_73": 0.35605457989146455,
    "epoch_74": 0.35942155539728865,
    "epoch_75": 0.35523748059037474,
    "epoch_76": 0.35432811903253636,
    "epoch_77": 0.35298690445567577,
    "epoch_78": 0.3527608421502599,
    "epoch_79": 0.3549289981102214,
    "epoch_80": 0.3536545878868413,
    "epoch_81": 0.35216250514924563,
    "epoch_82": 0.35237266613795265,
    "epoch_83": 0.3512364356760529,
    "epoch_84": 0.35151717102132984,
    "epoch_85": 0.3508090561140633,
    "epoch_86": 0.351180512930437,
    "epoch_87": 0.35468770454705767,
    "epoch_88": 0.3591727083135887,
    "epoch_89": 0.35648583368090525,
    "epoch_90": 0.35455062894207623,
    "epoch_91": 0.35735270457294566,
    "epoch_92": 0.3536706669564399,
    "epoch_93": 0.3507666072385301,
    "epoch_94": 0.3513425024392678,
    "epoch_95": 0.3507154435384728,
    "epoch_96": 0.3491224439943827,
    "epoch_97": 0.35190452794444926,
    "epoch_98": 0.35058593496838486,
    "epoch_99": 0.3495169937945693,
    "epoch_100": 0.3563205949929563,
    "epoch_101": 0.3542821833225133,
    "epoch_102": 0.3577061633926716,
    "epoch_103": 0.3530190529337829,
    "epoch_104": 0.35547659845370044,
    "epoch_105": 0.35547013885151363,
    "epoch_106": 0.34930640801573304,
    "epoch_107": 0.35283733289142016,
    "epoch_108": 0.35269907773993003,
    "epoch_109": 0.34860640194623044,
    "epoch_110": 0.3486985592526395,
    "epoch_111": 0.3508923271534817,
    "epoch_112": 0.34746019561762814,
    "epoch_113": 0.34805131941419476,
    "epoch_114": 0.3481898098197451,
    "epoch_115": 0.3482369727302089,
    "epoch_116": 0.3461985497419571,
    "epoch_117": 0.34620454805035805,
    "epoch_118": 0.3480208006819511,
    "epoch_119": 0.35103203496807894,
    "epoch_120": 0.3524091585698089,
    "epoch_121": 0.3477263994175222,
    "epoch_122": 0.34583599175757573,
    "epoch_123": 0.34554407203443194,
    "epoch_124": 0.34544070834744206,
    "epoch_125": 0.3454372641594986,
    "epoch_126": 0.3454362080292282,
    "epoch_127": 0.3454354491403593,
    "epoch_128": 0.34543484456832524,
    "epoch_129": 0.34543341253043564,
    "epoch_130": 0.3454316648224754,
    "epoch_131": 0.34543128895208586,
    "epoch_132": 0.34543127167753546,
    "epoch_133": 0.34543098873231354,
    "epoch_134": 0.3454309113691331,
    "epoch_135": 0.3454308874677078,
    "epoch_136": 0.3454307254443386,
    "epoch_137": 0.3454306201217027,
    "epoch_138": 0.34543055493261277,
    "epoch_139": 0.3454305050449026,
    "epoch_140": 0.34543049074872295,
    "epoch_141": 0.3454304019932744,
    "epoch_142": 0.34543035953287626,
    "epoch_143": 0.3454303084724326,
    "epoch_144": 0.3454302733276577,
    "epoch_145": 0.34543022388670314,
    "epoch_146": 0.34543020005973707,
    "epoch_147": 0.3454301589582206,
    "epoch_148": 0.3454301407529294,
    "epoch_149": 0.3454301309615355,
    "epoch_150": 0.34543003446232295
}