{
    "epoch_1": 0.6905407612209093,
    "epoch_2": 0.6703754382011371,
    "epoch_3": 0.6313048964511745,
    "epoch_4": 0.6001934160075286,
    "epoch_5": 0.5769094874678665,
    "epoch_6": 0.6113666603149733,
    "epoch_7": 0.5603192579664341,
    "epoch_8": 0.537390194260873,
    "epoch_9": 0.5270301629646654,
    "epoch_10": 0.5085539066143738,
    "epoch_11": 0.48817912643213407,
    "epoch_12": 0.4802387590560222,
    "epoch_13": 0.4594218032498571,
    "epoch_14": 0.47924348818071927,
    "epoch_15": 0.44173408786927365,
    "epoch_16": 0.4256006641584512,
    "epoch_17": 0.4088609318931277,
    "epoch_18": 0.41261131014398006,
    "epoch_19": 0.41688894570283336,
    "epoch_20": 0.39875073011482903,
    "epoch_21": 0.387217192334134,
    "epoch_22": 0.38211493209925834,
    "epoch_23": 0.3795336569978772,
    "epoch_24": 0.3794701205127914,
    "epoch_25": 0.37630009435252204,
    "epoch_26": 0.3745813779276956,
    "epoch_27": 0.372840421933967,
    "epoch_28": 0.3725693206315038,
    "epoch_29": 0.37172432250339194,
    "epoch_30": 0.3696687590100481,
    "epoch_31": 0.3682006406530896,
    "epoch_32": 0.36764698088876463,
    "epoch_33": 0.36982625600027336,
    "epoch_34": 0.36783749600412846,
    "epoch_35": 0.3665744629708921,
    "epoch_36": 0.36588471038947623,
    "epoch_37": 0.38617229982884804,
    "epoch_38": 0.3795931061530843,
    "epoch_39": 0.3707032628836742,
    "epoch_40": 0.36480158489246356,
    "epoch_41": 0.3655900414625903,
    "epoch_42": 0.362419032756423,
    "epoch_43": 0.3604795995315561,
    "epoch_44": 0.36021059889260265,
    "epoch_45": 0.3601825767424165,
    "epoch_46": 0.3601690936579993,
    "epoch_47": 0.3601603142400595,
    "epoch_48": 0.3601536932101777,
    "epoch_49": 0.36015557220844385,
    "epoch_50": 0.3601451032910773,
    "epoch_51": 0.3601400386088346,
    "epoch_52": 0.3601356409513377,
    "epoch_53": 0.36013066135742455,
    "epoch_54": 0.3602027667082525,
    "epoch_55": 0.35982730063254353,
    "epoch_56": 0.3717010287029307,
    "epoch_57": 0.3866625372727613,
    "epoch_58": 0.3840795390722083,
    "epoch_59": 0.3719187412762329,
    "epoch_60": 0.3666840620445952,
    "epoch_61": 0.36856626961694366,
    "epoch_62": 0.36076820604061055,
    "epoch_63": 0.35733929542658255,
    "epoch_64": 0.3583976321857769,
    "epoch_65": 0.35629466362181195,
    "epoch_66": 0.3549514762093915,
    "epoch_67": 0.3548168410814084,
    "epoch_68": 0.35836301119457104,
    "epoch_69": 0.35483293537792754,
    "epoch_70": 0.3633224157003371,
    "epoch_71": 0.35860919784859224,
    "epoch_72": 0.3583847934346434,
    "epoch_73": 0.3542552381698077,
    "epoch_74": 0.3561743373873828,
    "epoch_75": 0.3534823850420845,
    "epoch_76": 0.3526674086864407,
    "epoch_77": 0.3526445205214618,
    "epoch_78": 0.3526376994753688,
    "epoch_79": 0.35263351720992214,
    "epoch_80": 0.3526303080340462,
    "epoch_81": 0.3526278344785177,
    "epoch_82": 0.35262588271493095,
    "epoch_83": 0.35262431490056445,
    "epoch_84": 0.3526230077308688,
    "epoch_85": 0.35262190394666626,
    "epoch_86": 0.35262097052527097,
    "epoch_87": 0.35262010031979507,
    "epoch_88": 0.3526194181984324,
    "epoch_89": 0.3526188394637647,
    "epoch_90": 0.35261826199490454,
    "epoch_91": 0.3526177927712066,
    "epoch_92": 0.352617310777744,
    "epoch_93": 0.352616682267055,
    "epoch_94": 0.3526135180459627,
    "epoch_95": 0.3523064995467253,
    "epoch_96": 0.35230447749358873,
    "epoch_97": 0.3523041058301479,
    "epoch_98": 0.35230386458211654,
    "epoch_99": 0.35230362929082676,
    "epoch_100": 0.3523034387495576,
    "epoch_101": 0.35230324567667326,
    "epoch_102": 0.3523030676073316,
    "epoch_103": 0.352302903592177,
    "epoch_104": 0.35230273697094794,
    "epoch_105": 0.3523025832870169,
    "epoch_106": 0.35230242900741165,
    "epoch_107": 0.3523022485181438,
    "epoch_108": 0.352302123426572,
    "epoch_109": 0.35230196735994435,
    "epoch_110": 0.3523018303548895,
    "epoch_111": 0.3523016970355685,
    "epoch_112": 0.3523015851232873,
    "epoch_113": 0.352301466397983,
    "epoch_114": 0.3523013794295569,
    "epoch_115": 0.3523012924611308,
    "epoch_116": 0.3523012127152538,
    "epoch_117": 0.3523011441382671,
    "epoch_118": 0.35230107563573965,
    "epoch_119": 0.35230101223367216,
    "epoch_120": 0.3523009505441679,
    "epoch_121": 0.3523009058686065,
    "epoch_122": 0.35230085642765196,
    "epoch_123": 0.3523008147304614,
    "epoch_124": 0.3523007736289449,
    "epoch_125": 0.3523007318386802,
    "epoch_126": 0.3523006979783277,
    "epoch_127": 0.35230065992964127,
    "epoch_128": 0.35230062296061426,
    "epoch_129": 0.3523005996920927,
    "epoch_130": 0.3523005657758957,
    "epoch_131": 0.3523005335722619,
    "epoch_132": 0.3523005068041547,
    "epoch_133": 0.35230047400484676,
    "epoch_134": 0.3523004418756722,
    "epoch_135": 0.3523003813775162,
    "epoch_136": 0.35230026823665705,
    "epoch_137": 0.352299747282382,
    "epoch_138": 0.39915204077940447,
    "epoch_139": 0.5085395707851793,
    "epoch_140": 0.44390640643743484,
    "epoch_141": 0.4017689319642762,
    "epoch_142": 0.38087579289650186,
    "epoch_143": 0.3672454309493285,
    "epoch_144": 0.36471896064348475,
    "epoch_145": 0.3621642768271337,
    "epoch_146": 0.356316414421458,
    "epoch_147": 0.35687987689745565,
    "epoch_148": 0.3555162944769874,
    "epoch_149": 0.3551237615364034,
    "epoch_150": 0.3526117232797445
}