{
    "epoch_1": 0.6794356995638574,
    "epoch_2": 0.6393763976570668,
    "epoch_3": 0.6363409931848825,
    "epoch_4": 0.5998507936175058,
    "epoch_5": 0.5800677413571111,
    "epoch_6": 0.5683783537369084,
    "epoch_7": 0.5405697732847382,
    "epoch_8": 0.5215819364484588,
    "epoch_9": 0.5133431549000784,
    "epoch_10": 0.5348650658972035,
    "epoch_11": 0.49113509894757623,
    "epoch_12": 0.5264971599699482,
    "epoch_13": 0.4791912920842835,
    "epoch_14": 0.45306976105108027,
    "epoch_15": 0.4487653728911908,
    "epoch_16": 0.42714454299728993,
    "epoch_17": 0.4163981056600567,
    "epoch_18": 0.40156337415926313,
    "epoch_19": 0.3957335954528537,
    "epoch_20": 0.3908057983483023,
    "epoch_21": 0.38525766078417634,
    "epoch_22": 0.40138447988338577,
    "epoch_23": 0.3810308546218777,
    "epoch_24": 0.379776431239448,
    "epoch_25": 0.373630085488843,
    "epoch_26": 0.3703648420440488,
    "epoch_27": 0.369782731299993,
    "epoch_28": 0.36447303053887464,
    "epoch_29": 0.36049797827567553,
    "epoch_30": 0.3638143391627062,
    "epoch_31": 0.3564166907851656,
    "epoch_32": 0.354712943856527,
    "epoch_33": 0.35309724123458575,
    "epoch_34": 0.35360615129473805,
    "epoch_35": 0.3528094807317449,
    "epoch_36": 0.35401436654870616,
    "epoch_37": 0.3517179034934202,
    "epoch_38": 0.3509204363837829,
    "epoch_39": 0.35063994708916013,
    "epoch_40": 0.3506399053919695,
    "epoch_41": 0.3499535186115017,
    "epoch_42": 0.3496301818608791,
    "epoch_43": 0.3494237456971001,
    "epoch_44": 0.3513961745231767,
    "epoch_45": 0.352924189479704,
    "epoch_46": 0.3625265269038232,
    "epoch_47": 0.36036285294509546,
    "epoch_48": 0.3632411291865838,
    "epoch_49": 0.357285226809837,
    "epoch_50": 0.3545415205630863,
    "epoch_51": 0.3624661103179498,
    "epoch_52": 0.35385790698086,
    "epoch_53": 0.34970088183023573,
    "epoch_54": 0.34802660234342286,
    "epoch_55": 0.34852629639371197,
    "epoch_56": 0.3474526914263576,
    "epoch_57": 0.3473585064079075,
    "epoch_58": 0.34734558969791945,
    "epoch_59": 0.3473396508266299,
    "epoch_60": 0.34733518863156165,
    "epoch_61": 0.3473319243744416,
    "epoch_62": 0.3473292566105249,
    "epoch_63": 0.34732706188634366,
    "epoch_64": 0.3473251692061868,
    "epoch_65": 0.34732349912201443,
    "epoch_66": 0.3473220164890516,
    "epoch_67": 0.34732073465412217,
    "epoch_68": 0.34731956707694095,
    "epoch_69": 0.3473185753167085,
    "epoch_70": 0.34731766793744256,
    "epoch_71": 0.34731662210116604,
    "epoch_72": 0.34731581794106164,
    "epoch_73": 0.3473150875328631,
    "epoch_74": 0.34731436565025087,
    "epoch_75": 0.3473136449217573,
    "epoch_76": 0.3473128466811648,
    "epoch_77": 0.3473115707471325,
    "epoch_78": 0.34732038665011405,
    "epoch_79": 0.34731425068513966,
    "epoch_80": 0.34731296272593537,
    "epoch_81": 0.3473115879844532,
    "epoch_82": 0.3473107660285835,
    "epoch_83": 0.3473086805361498,
    "epoch_84": 0.34785157736207006,
    "epoch_85": 0.3821205224639397,
    "epoch_86": 0.42007799598293555,
    "epoch_87": 0.41534434602381215,
    "epoch_88": 0.386114325246388,
    "epoch_89": 0.36375896741568037,
    "epoch_90": 0.3574108435614715,
    "epoch_91": 0.3560844271127914,
    "epoch_92": 0.3498352035591559,
    "epoch_93": 0.34966250362431983,
    "epoch_94": 0.34813557916101556,
    "epoch_95": 0.34674625274615317,
    "epoch_96": 0.34715391843487214,
    "epoch_97": 0.3471575992916019,
    "epoch_98": 0.34692959784344535,
    "epoch_99": 0.34533464273834585,
    "epoch_100": 0.34488632930657925,
    "epoch_101": 0.3491701257370324,
    "epoch_102": 0.35102576616776876,
    "epoch_103": 0.3497143469327394,
    "epoch_104": 0.34589862332055155,
    "epoch_105": 0.34741132472322406,
    "epoch_106": 0.35282899179658167,
    "epoch_107": 0.35179447156053123,
    "epoch_108": 0.3471981436665694,
    "epoch_109": 0.34543043868307916,
    "epoch_110": 0.34372965404199557,
    "epoch_111": 0.34298101006114134,
    "epoch_112": 0.3429526540355933,
    "epoch_113": 0.34294598389982356,
    "epoch_114": 0.34294287209805663,
    "epoch_115": 0.3429405120929132,
    "epoch_116": 0.3429388518932088,
    "epoch_117": 0.3429376957641401,
    "epoch_118": 0.3429366749647928,
    "epoch_119": 0.3429359283244736,
    "epoch_120": 0.3429347899911703,
    "epoch_121": 0.34292684764433173,
    "epoch_122": 0.3426209215370288,
    "epoch_123": 0.34262041171441443,
    "epoch_124": 0.3426201155899019,
    "epoch_125": 0.34261989954633315,
    "epoch_126": 0.3426197361454675,
    "epoch_127": 0.3426196105699104,
    "epoch_128": 0.34261951626724635,
    "epoch_129": 0.3426194210338414,
    "epoch_130": 0.3426193537226623,
    "epoch_131": 0.34261928879417974,
    "epoch_132": 0.34261924114024767,
    "epoch_133": 0.34261920718682104,
    "epoch_134": 0.3426191422583385,
    "epoch_135": 0.3426190845151755,
    "epoch_136": 0.3426190211503376,
    "epoch_137": 0.34448469128182796,
    "epoch_138": 0.36086017932093645,
    "epoch_139": 0.3663231766573866,
    "epoch_140": 0.38435913502313734,
    "epoch_141": 0.3654612829207183,
    "epoch_142": 0.41136398809094643,
    "epoch_143": 0.4088614583387738,
    "epoch_144": 0.5164351249805917,
    "epoch_145": 0.40292383759264494,
    "epoch_146": 0.37846144782536334,
    "epoch_147": 0.3729307934464997,
    "epoch_148": 0.3588873041487723,
    "epoch_149": 0.3520499554967076,
    "epoch_150": 0.34843322576991026
}