{
    "epoch_1": 0.6737716803693682,
    "epoch_2": 0.6353945559743491,
    "epoch_3": 0.5995972432768546,
    "epoch_4": 0.5840058141131463,
    "epoch_5": 0.5724839493678854,
    "epoch_6": 0.5523988835741623,
    "epoch_7": 0.5485320023675772,
    "epoch_8": 0.5208377807978761,
    "epoch_9": 0.5098882480981125,
    "epoch_10": 0.5060149294968176,
    "epoch_11": 0.48203566594097036,
    "epoch_12": 0.46345574430642017,
    "epoch_13": 0.4487505522763111,
    "epoch_14": 0.43579924553353516,
    "epoch_15": 0.42798560336557945,
    "epoch_16": 0.4442217662735033,
    "epoch_17": 0.43897473071233545,
    "epoch_18": 0.39792062516215443,
    "epoch_19": 0.3885822084305958,
    "epoch_20": 0.3843284388544558,
    "epoch_21": 0.37834375311180174,
    "epoch_22": 0.37170901937383477,
    "epoch_23": 0.36858013456572153,
    "epoch_24": 0.3664374436757328,
    "epoch_25": 0.3660659979537902,
    "epoch_26": 0.36444477170128736,
    "epoch_27": 0.36246114831503895,
    "epoch_28": 0.4232531129234214,
    "epoch_29": 0.3748514413237944,
    "epoch_30": 0.3653459403754621,
    "epoch_31": 0.3644050444609519,
    "epoch_32": 0.3612725725775581,
    "epoch_33": 0.3576642182154778,
    "epoch_34": 0.35593808687604417,
    "epoch_35": 0.3561873066656147,
    "epoch_36": 0.3542734001816101,
    "epoch_37": 0.35393443690621057,
    "epoch_38": 0.3528690202618896,
    "epoch_39": 0.35258312710443934,
    "epoch_40": 0.35441311469754155,
    "epoch_41": 0.3538760898971022,
    "epoch_42": 0.35574525229860887,
    "epoch_43": 0.35224467456378017,
    "epoch_44": 0.3506916724913274,
    "epoch_45": 0.34916764732303657,
    "epoch_46": 0.35105735272038807,
    "epoch_47": 0.3503087600978146,
    "epoch_48": 0.35655867975254046,
    "epoch_49": 0.35726316752543974,
    "epoch_50": 0.3519373677210239,
    "epoch_51": 0.3534548373463599,
    "epoch_52": 0.3526628768719561,
    "epoch_53": 0.35013257697699296,
    "epoch_54": 0.350728942910855,
    "epoch_55": 0.35041597210043,
    "epoch_56": 0.35728000686140376,
    "epoch_57": 0.36411576093099474,
    "epoch_58": 0.3554935647054883,
    "epoch_59": 0.3532766879610089,
    "epoch_60": 0.34790311508965,
    "epoch_61": 0.34618928520326536,
    "epoch_62": 0.3461068525752152,
    "epoch_63": 0.3455301911141409,
    "epoch_64": 0.34547297065515653,
    "epoch_65": 0.3454583825951885,
    "epoch_66": 0.3454532971574246,
    "epoch_67": 0.3454496114422276,
    "epoch_68": 0.3454466377251748,
    "epoch_69": 0.34544417366320307,
    "epoch_70": 0.3454414774000012,
    "epoch_71": 0.345433041760506,
    "epoch_72": 0.3451342435645581,
    "epoch_73": 0.34512825052415036,
    "epoch_74": 0.3451268478790572,
    "epoch_75": 0.3451255389409539,
    "epoch_76": 0.34512365601496126,
    "epoch_77": 0.3450966988184689,
    "epoch_78": 0.34484939955682176,
    "epoch_79": 0.3448139344581137,
    "epoch_80": 0.34480886783993,
    "epoch_81": 0.349145917855971,
    "epoch_82": 0.3601273142643678,
    "epoch_83": 0.36327353062144224,
    "epoch_84": 0.36335320051277825,
    "epoch_85": 0.36004635202073065,
    "epoch_86": 0.4376090165602275,
    "epoch_87": 0.39468010882151866,
    "epoch_88": 0.36080251084053094,
    "epoch_89": 0.4481115929414748,
    "epoch_90": 0.36544697054619346,
    "epoch_91": 0.35281213546528956,
    "epoch_92": 0.34492123261010327,
    "epoch_93": 0.3439312279410544,
    "epoch_94": 0.34185644999137155,
    "epoch_95": 0.34145279678235124,
    "epoch_96": 0.34142462282833047,
    "epoch_97": 0.3414154944756417,
    "epoch_98": 0.34140921018780357,
    "epoch_99": 0.34140408076322654,
    "epoch_100": 0.3414000444379469,
    "epoch_101": 0.3413966044569522,
    "epoch_102": 0.34139374700804787,
    "epoch_103": 0.3413913262255262,
    "epoch_104": 0.34138929147708424,
    "epoch_105": 0.3413872452246852,
    "epoch_106": 0.3413855678062749,
    "epoch_107": 0.34138401134694685,
    "epoch_108": 0.3413825048497883,
    "epoch_109": 0.3413808204694363,
    "epoch_110": 0.34137843103426685,
    "epoch_111": 0.34137403734172606,
    "epoch_112": 0.3413519020902597,
    "epoch_113": 0.34110218833789907,
    "epoch_114": 0.3410694181062816,
    "epoch_115": 0.34114304086255104,
    "epoch_116": 0.34118082868092364,
    "epoch_117": 0.34259758778916977,
    "epoch_118": 0.34259085268768796,
    "epoch_119": 0.350271692356417,
    "epoch_120": 0.39108350359224514,
    "epoch_121": 0.35733394299649507,
    "epoch_122": 0.3463157565239293,
    "epoch_123": 0.3431080870893432,
    "epoch_124": 0.34134459141862905,
    "epoch_125": 0.3425312362411185,
    "epoch_126": 0.34187610234267113,
    "epoch_127": 0.33954963395180066,
    "epoch_128": 0.3406027656358008,
    "epoch_129": 0.34344174506737246,
    "epoch_130": 0.33966385808160793,
    "epoch_131": 0.33973337668020376,
    "epoch_132": 0.3392970246273901,
    "epoch_133": 0.34046582487655536,
    "epoch_134": 0.33986466344932253,
    "epoch_135": 0.33800570671443714,
    "epoch_136": 0.33764712775892797,
    "epoch_137": 0.33763193257669594,
    "epoch_138": 0.33762486542410436,
    "epoch_139": 0.3373159320372332,
    "epoch_140": 0.3373151714544159,
    "epoch_141": 0.3373145591758476,
    "epoch_142": 0.3373139098537929,
    "epoch_143": 0.3373127053634291,
    "epoch_144": 0.337307055394103,
    "epoch_145": 0.33702874494522234,
    "epoch_146": 0.3370066170093791,
    "epoch_147": 0.3370022031756061,
    "epoch_148": 0.3370017489926805,
    "epoch_149": 0.3370013881816781,
    "epoch_150": 0.3370010963013439
}