{
    "accuracy": 0.6769662921348315,
    "precision": 0.6932515337423313,
    "recall": 0.6348314606741573,
    "f1_score": 0.6627565982404692,
    "roc_auc": 0.6769662921348314
}