{
    "accuracy": 0.7331460674157303,
    "precision": 0.7219251336898396,
    "recall": 0.7584269662921348,
    "f1_score": 0.7397260273972602,
    "roc_auc": 0.7331460674157303
}