{
    "accuracy": 0.7162921348314607,
    "precision": 0.7175141242937854,
    "recall": 0.7134831460674157,
    "f1_score": 0.7154929577464789,
    "roc_auc": 0.7162921348314606
}