{
    "accuracy": 0.702247191011236,
    "precision": 0.6935483870967742,
    "recall": 0.7247191011235955,
    "f1_score": 0.7087912087912088,
    "roc_auc": 0.702247191011236
}