{
    "accuracy": 0.7471910112359551,
    "precision": 0.7391304347826086,
    "recall": 0.7640449438202247,
    "f1_score": 0.7513812154696132,
    "roc_auc": 0.7471910112359551
}