{
    "accuracy": 0.7549295774647887,
    "precision": 0.7586206896551724,
    "recall": 0.7457627118644068,
    "f1_score": 0.7521367521367521,
    "roc_auc": 0.7549038278423157
}