{
    "accuracy": 0.6910112359550562,
    "precision": 0.7,
    "recall": 0.6685393258426966,
    "f1_score": 0.6839080459770115,
    "roc_auc": 0.6910112359550563
}