{
    "accuracy": 0.7331460674157303,
    "precision": 0.726775956284153,
    "recall": 0.7471910112359551,
    "f1_score": 0.7368421052631579,
    "roc_auc": 0.7331460674157304
}