{
    "accuracy": 0.7247191011235955,
    "precision": 0.75,
    "recall": 0.6741573033707865,
    "f1_score": 0.7100591715976331,
    "roc_auc": 0.7247191011235955
}