{
    "accuracy": 0.6957746478873239,
    "precision": 0.6842105263157895,
    "recall": 0.7303370786516854,
    "f1_score": 0.7065217391304348,
    "roc_auc": 0.6956770139021139
}