{
    "accuracy": 0.5505902192242833,
    "precision": 0.5276752767527675,
    "recall": 0.9645868465430016,
    "f1_score": 0.6821705426356589,
    "roc_auc": 0.5505902192242833
}