{
    "accuracy": 0.5345699831365935,
    "precision": 0.5864978902953587,
    "recall": 0.23440134907251264,
    "f1_score": 0.3349397590361446,
    "roc_auc": 0.5345699831365935
}