{
    "accuracy": 0.6222596964586846,
    "precision": 0.5967957276368492,
    "recall": 0.7537942664418212,
    "f1_score": 0.6661698956780924,
    "roc_auc": 0.6222596964586846
}