{
    "epoch_1": 0.6828291638586107,
    "epoch_2": 0.6517368961369078,
    "epoch_3": 0.62836452755221,
    "epoch_4": 0.6026626068441615,
    "epoch_5": 0.5760836871844819,
    "epoch_6": 0.5455667799154136,
    "epoch_7": 0.5220640480979094,
    "epoch_8": 0.49407423568793946,
    "epoch_9": 0.47313427024547766,
    "epoch_10": 0.4486348468990956,
    "epoch_11": 0.43613772292163955,
    "epoch_12": 0.41432901102727515,
    "epoch_13": 0.40203182551111877,
    "epoch_14": 0.3908813349897394,
    "epoch_15": 0.378556848074966,
    "epoch_16": 0.37435627138623034,
    "epoch_17": 0.36955717641622016,
    "epoch_18": 0.36788900300221633,
    "epoch_19": 0.3709440428818604,
    "epoch_20": 0.3660319262588016,
    "epoch_21": 0.36098423947855696,
    "epoch_22": 0.3577584237048765,
    "epoch_23": 0.35753855680966995,
    "epoch_24": 0.354288443095736,
    "epoch_25": 0.3578606932957409,
    "epoch_26": 0.3613029668553983,
    "epoch_27": 0.35669962091087376,
    "epoch_28": 0.356391205723991,
    "epoch_29": 0.352165295008782,
    "epoch_30": 0.35097365480280224,
    "epoch_31": 0.35179463954601836,
    "epoch_32": 0.37262340510972186,
    "epoch_33": 0.36093073253973385,
    "epoch_34": 0.35565716091043414,
    "epoch_35": 0.3536737252940448,
    "epoch_36": 0.35221636659732103,
    "epoch_37": 0.35084640774522463,
    "epoch_38": 0.3498382775279224,
    "epoch_39": 0.34951306654379893,
    "epoch_40": 0.35090257752050585,
    "epoch_41": 0.3554475037086538,
    "epoch_42": 0.35522542725292966,
    "epoch_43": 0.3525912338005181,
    "epoch_44": 0.35602067994216924,
    "epoch_45": 0.35372122988178123,
    "epoch_46": 0.35048855377265625,
    "epoch_47": 0.35075564518078733,
    "epoch_48": 0.35514918026250597,
    "epoch_49": 0.35307524808259055,
    "epoch_50": 0.35374090705886324,
    "epoch_51": 0.35273210255092746,
    "epoch_52": 0.36001973544219307,
    "epoch_53": 0.35447798268273945,
    "epoch_54": 0.3466100965430849,
    "epoch_55": 0.3456121674743406,
    "epoch_56": 0.34531761889129314,
    "epoch_57": 0.3468481163407243,
    "epoch_58": 0.34848942087723683,
    "epoch_59": 0.3464207464720444,
    "epoch_60": 0.3449916233290942,
    "epoch_61": 0.34492373992168646,
    "epoch_62": 0.3449119864553946,
    "epoch_63": 0.3449074378000207,
    "epoch_64": 0.344904812473021,
    "epoch_65": 0.34490273818530753,
    "epoch_66": 0.3449010332746566,
    "epoch_67": 0.3448996461995957,
    "epoch_68": 0.34489848152148583,
    "epoch_69": 0.34489748866224657,
    "epoch_70": 0.3448965735236106,
    "epoch_71": 0.3448957505774012,
    "epoch_72": 0.3448950343373286,
    "epoch_73": 0.3448943325062495,
    "epoch_74": 0.3448936580061829,
    "epoch_75": 0.34489295194455627,
    "epoch_76": 0.344892043800984,
    "epoch_77": 0.34489059561336033,
    "epoch_78": 0.3448859568180036,
    "epoch_79": 0.3451098342303734,
    "epoch_80": 0.3449000953497052,
    "epoch_81": 0.34455906396086416,
    "epoch_82": 0.34419513818921127,
    "epoch_83": 0.34386563123068337,
    "epoch_84": 0.34384390741104986,
    "epoch_85": 0.3438411864359783,
    "epoch_86": 0.34383980614654797,
    "epoch_87": 0.3438387524888956,
    "epoch_88": 0.3438377831699307,
    "epoch_89": 0.3438367413452454,
    "epoch_90": 0.34383569141550124,
    "epoch_91": 0.3438349565568309,
    "epoch_92": 0.34383439052213854,
    "epoch_93": 0.3438339698758665,
    "epoch_94": 0.3438336167926949,
    "epoch_95": 0.3438333347282691,
    "epoch_96": 0.3438330702143325,
    "epoch_97": 0.34383239592369896,
    "epoch_98": 0.3436642097949312,
    "epoch_99": 0.42593143973564984,
    "epoch_100": 0.4082514039245359,
    "epoch_101": 0.38214167334710053,
    "epoch_102": 0.3628324946507717,
    "epoch_103": 0.36095828896497056,
    "epoch_104": 0.3503068303944607,
    "epoch_105": 0.3498302302097487,
    "epoch_106": 0.34678642695752654,
    "epoch_107": 0.34379686715731883,
    "epoch_108": 0.34345918305307227,
    "epoch_109": 0.34264793537572835,
    "epoch_110": 0.3422776777729214,
    "epoch_111": 0.3418292934133901,
    "epoch_112": 0.3417477404367564,
    "epoch_113": 0.3417380480638961,
    "epoch_114": 0.3417360617799484,
    "epoch_115": 0.3417346778463831,
    "epoch_116": 0.3417335681863344,
    "epoch_117": 0.34173269493430747,
    "epoch_118": 0.34173191969694594,
    "epoch_119": 0.34173125916606345,
    "epoch_120": 0.34173068498442566,
    "epoch_121": 0.3417301862824575,
    "epoch_122": 0.34172974974021725,
    "epoch_123": 0.34172933449731774,
    "epoch_124": 0.3417289751730414,
    "epoch_125": 0.34172862014214256,
    "epoch_126": 0.34172832503003797,
    "epoch_127": 0.34172805247387245,
    "epoch_128": 0.3417278009866713,
    "epoch_129": 0.34172757096635736,
    "epoch_130": 0.3417273659104624,
    "epoch_131": 0.3417271706769773,
    "epoch_132": 0.3417269877790986,
    "epoch_133": 0.3417268192692701,
    "epoch_134": 0.3417266494400134,
    "epoch_135": 0.34172649515068876,
    "epoch_136": 0.34172635600337326,
    "epoch_137": 0.3417262031381933,
    "epoch_138": 0.3417260834262644,
    "epoch_139": 0.341725964573011,
    "epoch_140": 0.3417258389550703,
    "epoch_141": 0.3417257317881809,
    "epoch_142": 0.3417256358050161,
    "epoch_143": 0.3417255343137622,
    "epoch_144": 0.3417254463099964,
    "epoch_145": 0.3417253561071837,
    "epoch_146": 0.34172527652262635,
    "epoch_147": 0.3417251837437872,
    "epoch_148": 0.3417251146727687,
    "epoch_149": 0.341725037056882,
    "epoch_150": 0.34172496903302885
}