{
    "epoch_1": 0.6748309042867605,
    "epoch_2": 0.6166808375655474,
    "epoch_3": 0.5960548372228466,
    "epoch_4": 0.5683274862637255,
    "epoch_5": 0.5550307711914905,
    "epoch_6": 0.5392062950117523,
    "epoch_7": 0.5280725680768112,
    "epoch_8": 0.5149597122438005,
    "epoch_9": 0.503997799299673,
    "epoch_10": 0.486876016025885,
    "epoch_11": 0.47710401481586867,
    "epoch_12": 0.46734224931086277,
    "epoch_13": 0.46066791705069876,
    "epoch_14": 0.47122871846442316,
    "epoch_15": 0.45362832532830416,
    "epoch_16": 0.4277195514965795,
    "epoch_17": 0.42108869406009175,
    "epoch_18": 0.4097360468882536,
    "epoch_19": 0.40336431783852406,
    "epoch_20": 0.4088681804740085,
    "epoch_21": 0.397258364936456,
    "epoch_22": 0.3896193595018005,
    "epoch_23": 0.38602745013595546,
    "epoch_24": 0.3831576962791022,
    "epoch_25": 0.38732333622679105,
    "epoch_26": 0.38097972693530424,
    "epoch_27": 0.3773748660623734,
    "epoch_28": 0.3761021593089516,
    "epoch_29": 0.38226740178472124,
    "epoch_30": 0.3828149441255287,
    "epoch_31": 0.3799039640228931,
    "epoch_32": 0.38256212126513395,
    "epoch_33": 0.3802945438984491,
    "epoch_34": 0.37706914990197915,
    "epoch_35": 0.3772514250734199,
    "epoch_36": 0.37971590353583085,
    "epoch_37": 0.376139821423164,
    "epoch_38": 0.3755056637320314,
    "epoch_39": 0.37361373756020655,
    "epoch_40": 0.37531767265108046,
    "epoch_41": 0.3735153569943957,
    "epoch_42": 0.3720045550683813,
    "epoch_43": 0.3913657431525407,
    "epoch_44": 0.3879414407074326,
    "epoch_45": 0.3759332823443396,
    "epoch_46": 0.37218967335624586,
    "epoch_47": 0.37731606319012645,
    "epoch_48": 0.37295525755081393,
    "epoch_49": 0.37569221018572047,
    "epoch_50": 0.37444960876241673,
    "epoch_51": 0.3773483801541493,
    "epoch_52": 0.3759787526460743,
    "epoch_53": 0.3698739008173001,
    "epoch_54": 0.36867533520502854,
    "epoch_55": 0.3666103127047954,
    "epoch_56": 0.3663558534392989,
    "epoch_57": 0.3672133360165404,
    "epoch_58": 0.36681639448656467,
    "epoch_59": 0.3662048727797524,
    "epoch_60": 0.3678169759201149,
    "epoch_61": 0.36735289032326895,
    "epoch_62": 0.3668847236093801,
    "epoch_63": 0.36678817767704863,
    "epoch_64": 0.3648740712262674,
    "epoch_65": 0.364031001517074,
    "epoch_66": 0.385602876324094,
    "epoch_67": 0.37807878719947746,
    "epoch_68": 0.37658162235962367,
    "epoch_69": 0.37240826987248443,
    "epoch_70": 0.37129394776035346,
    "epoch_71": 0.3671084933941078,
    "epoch_72": 0.3658839445757514,
    "epoch_73": 0.36386404354557217,
    "epoch_74": 0.36206422694870394,
    "epoch_75": 0.3617638206909177,
    "epoch_76": 0.3621966489921216,
    "epoch_77": 0.3642156007670217,
    "epoch_78": 0.3641545939051761,
    "epoch_79": 0.36340026160569905,
    "epoch_80": 0.36112317537138855,
    "epoch_81": 0.3646516796575829,
    "epoch_82": 0.36676726030030055,
    "epoch_83": 0.36126258037329895,
    "epoch_84": 0.3614166412484202,
    "epoch_85": 0.35978726784025206,
    "epoch_86": 0.35858850613581994,
    "epoch_87": 0.3576370784076937,
    "epoch_88": 0.3575553201238454,
    "epoch_89": 0.3575518330845796,
    "epoch_90": 0.3575499983044971,
    "epoch_91": 0.3575485840659701,
    "epoch_92": 0.3575474255033052,
    "epoch_93": 0.3575464695252253,
    "epoch_94": 0.35754552441672044,
    "epoch_95": 0.3575444786756372,
    "epoch_96": 0.35754360515134737,
    "epoch_97": 0.35754284262657166,
    "epoch_98": 0.35754217623156387,
    "epoch_99": 0.3575415845832101,
    "epoch_100": 0.35754104282180776,
    "epoch_101": 0.3575405873468202,
    "epoch_102": 0.3575401431183872,
    "epoch_103": 0.3575397880874883,
    "epoch_104": 0.3575394054114274,
    "epoch_105": 0.35753911834155183,
    "epoch_106": 0.35753884090559634,
    "epoch_107": 0.35753857785769105,
    "epoch_108": 0.35753834360682957,
    "epoch_109": 0.3575381452318488,
    "epoch_110": 0.35753794023878377,
    "epoch_111": 0.35753775321507403,
    "epoch_112": 0.3575375840560031,
    "epoch_113": 0.3575374129910915,
    "epoch_114": 0.3575372726918942,
    "epoch_115": 0.35753713364929524,
    "epoch_116": 0.3575370004917649,
    "epoch_117": 0.35753688672773454,
    "epoch_118": 0.35753677930952543,
    "epoch_119": 0.357536680875994,
    "epoch_120": 0.35753656897591773,
    "epoch_121": 0.35753647584104237,
    "epoch_122": 0.3575363901829267,
    "epoch_123": 0.3575363125460967,
    "epoch_124": 0.357536237129257,
    "epoch_125": 0.3575361556598023,
    "epoch_126": 0.3575360836776645,
    "epoch_127": 0.3575360189000235,
    "epoch_128": 0.3575359564889759,
    "epoch_129": 0.35753589347057246,
    "epoch_130": 0.3575358416987236,
    "epoch_131": 0.3575357838323731,
    "epoch_132": 0.35753573392447835,
    "epoch_133": 0.35753568690675963,
    "epoch_134": 0.3575356284330533,
    "epoch_135": 0.3575355889968108,
    "epoch_136": 0.35753555703732803,
    "epoch_137": 0.35753551029187225,
    "epoch_138": 0.35753547311750666,
    "epoch_139": 0.35753543588031117,
    "epoch_140": 0.35753540578478255,
    "epoch_141": 0.3575353647777922,
    "epoch_142": 0.35753533614829486,
    "epoch_143": 0.3575353010263731,
    "epoch_144": 0.3575352715382003,
    "epoch_145": 0.35753524653189467,
    "epoch_146": 0.3575352181956036,
    "epoch_147": 0.3575351920583595,
    "epoch_148": 0.3575351713035447,
    "epoch_149": 0.35753514834968286,
    "epoch_150": 0.3575351192803762
}