{
    "epoch_1": 0.6804413162158756,
    "epoch_2": 0.6433401401519441,
    "epoch_3": 0.6142673872209743,
    "epoch_4": 0.5949567634891032,
    "epoch_5": 0.5790494401328472,
    "epoch_6": 0.5658986193488094,
    "epoch_7": 0.5412327450411254,
    "epoch_8": 0.5317794734610145,
    "epoch_9": 0.5098729602780558,
    "epoch_10": 0.4890051971496847,
    "epoch_11": 0.4649290583784387,
    "epoch_12": 0.44920474855071585,
    "epoch_13": 0.43718495377750616,
    "epoch_14": 0.4246583140687772,
    "epoch_15": 0.41737770794524115,
    "epoch_16": 0.4045335418683083,
    "epoch_17": 0.3965640134107116,
    "epoch_18": 0.39733790980752076,
    "epoch_19": 0.38829137501609423,
    "epoch_20": 0.3814568164309243,
    "epoch_21": 0.3766630333810678,
    "epoch_22": 0.37445535881083014,
    "epoch_23": 0.37171461416161766,
    "epoch_24": 0.3715883536970234,
    "epoch_25": 0.37110683335561184,
    "epoch_26": 0.3711218178942198,
    "epoch_27": 0.3683205764880715,
    "epoch_28": 0.36868284473638596,
    "epoch_29": 0.3748244783691578,
    "epoch_30": 0.36896601794559075,
    "epoch_31": 0.36887069978670445,
    "epoch_32": 0.36824304182612355,
    "epoch_33": 0.3652771265727828,
    "epoch_34": 0.3646514224909798,
    "epoch_35": 0.363959169875625,
    "epoch_36": 0.3637127541829964,
    "epoch_37": 0.37296282248535534,
    "epoch_38": 0.3739135720183818,
    "epoch_39": 0.3674727992338174,
    "epoch_40": 0.37067898335396554,
    "epoch_41": 0.3757675578186376,
    "epoch_42": 0.37510171063665676,
    "epoch_43": 0.37708282014299455,
    "epoch_44": 0.3712144621870666,
    "epoch_45": 0.3666902838002015,
    "epoch_46": 0.3650209333735849,
    "epoch_47": 0.36540181805554045,
    "epoch_48": 0.3628346813449451,
    "epoch_49": 0.3663013330312373,
    "epoch_50": 0.3625838070176215,
    "epoch_51": 0.3617617870302505,
    "epoch_52": 0.3653723130550224,
    "epoch_53": 0.36607749795218625,
    "epoch_54": 0.36058032575472637,
    "epoch_55": 0.3582408901867969,
    "epoch_56": 0.35857890794936254,
    "epoch_57": 0.35765046275913986,
    "epoch_58": 0.35724842376695587,
    "epoch_59": 0.35720141506798025,
    "epoch_60": 0.35719425749644756,
    "epoch_61": 0.3571903084636698,
    "epoch_62": 0.35718804238803104,
    "epoch_63": 0.35718544522083806,
    "epoch_64": 0.3571823602983899,
    "epoch_65": 0.35717922437597166,
    "epoch_66": 0.3571667378937775,
    "epoch_67": 0.3570709583693988,
    "epoch_68": 0.3751178498451526,
    "epoch_69": 0.36909729068556457,
    "epoch_70": 0.3632021268857836,
    "epoch_71": 0.35762756294562686,
    "epoch_72": 0.3584680228975307,
    "epoch_73": 0.356979754113883,
    "epoch_74": 0.35590445277227784,
    "epoch_75": 0.35543725919338287,
    "epoch_76": 0.3550901957089163,
    "epoch_77": 0.3550822190498108,
    "epoch_78": 0.35507911129671105,
    "epoch_79": 0.3550769893441403,
    "epoch_80": 0.3550753267995508,
    "epoch_81": 0.3550739708200521,
    "epoch_82": 0.3550729131045407,
    "epoch_83": 0.35507192591177106,
    "epoch_84": 0.35507112042209665,
    "epoch_85": 0.3550704277353116,
    "epoch_86": 0.35506978547275797,
    "epoch_87": 0.3550691944090659,
    "epoch_88": 0.3550686854038232,
    "epoch_89": 0.3550681960574359,
    "epoch_90": 0.35506771015501204,
    "epoch_91": 0.35506723424950354,
    "epoch_92": 0.3550666849844323,
    "epoch_93": 0.3550659869799163,
    "epoch_94": 0.3550638171258959,
    "epoch_95": 0.3563600788733647,
    "epoch_96": 0.3826143495296234,
    "epoch_97": 0.3815693032921596,
    "epoch_98": 0.36764807901258506,
    "epoch_99": 0.3844883647202022,
    "epoch_100": 0.37013542212475214,
    "epoch_101": 0.365861839365867,
    "epoch_102": 0.38857947502966966,
    "epoch_103": 0.3744791235825787,
    "epoch_104": 0.36071107169390143,
    "epoch_105": 0.36197617915918584,
    "epoch_106": 0.3587271415186548,
    "epoch_107": 0.3599602407662961,
    "epoch_108": 0.36155554689898756,
    "epoch_109": 0.35423496082911876,
    "epoch_110": 0.3551151654805725,
    "epoch_111": 0.3589442315271623,
    "epoch_112": 0.36174744501589556,
    "epoch_113": 0.36196549218455487,
    "epoch_114": 0.3549543812918085,
    "epoch_115": 0.35574218514596195,
    "epoch_116": 0.35387616592790105,
    "epoch_117": 0.3578893988853511,
    "epoch_118": 0.35418822577345527,
    "epoch_119": 0.35498682549010674,
    "epoch_120": 0.3526135014365504,
    "epoch_121": 0.35231774973165875,
    "epoch_122": 0.35130557112204724,
    "epoch_123": 0.351213926970854,
    "epoch_124": 0.35120921443544606,
    "epoch_125": 0.3512076292491855,
    "epoch_126": 0.35120651422151566,
    "epoch_127": 0.3512056474523206,
    "epoch_128": 0.3512049649090025,
    "epoch_129": 0.35120431511997546,
    "epoch_130": 0.35120379029762383,
    "epoch_131": 0.3512032749592567,
    "epoch_132": 0.35120260558465005,
    "epoch_133": 0.35120160351688917,
    "epoch_134": 0.35120044523555016,
    "epoch_135": 0.35119957542017466,
    "epoch_136": 0.35119910331454074,
    "epoch_137": 0.35119880077962,
    "epoch_138": 0.3511986462932576,
    "epoch_139": 0.3511985387243553,
    "epoch_140": 0.35119839093749633,
    "epoch_141": 0.3511983438106767,
    "epoch_142": 0.35119826153239997,
    "epoch_143": 0.35119824748437867,
    "epoch_144": 0.35119810659591466,
    "epoch_145": 0.35119804700173785,
    "epoch_146": 0.35119800384228045,
    "epoch_147": 0.3511979404272931,
    "epoch_148": 0.3511978873860681,
    "epoch_149": 0.35119783570567975,
    "epoch_150": 0.35119779603205775
}