{
    "epoch_1": 0.6760822676975629,
    "epoch_2": 0.6277745401700114,
    "epoch_3": 0.6035028349239057,
    "epoch_4": 0.5870204095847156,
    "epoch_5": 0.5728131633825229,
    "epoch_6": 0.5590096195650537,
    "epoch_7": 0.5461079429675388,
    "epoch_8": 0.5256522813064484,
    "epoch_9": 0.505887047116051,
    "epoch_10": 0.5198726626617005,
    "epoch_11": 0.49085444484222795,
    "epoch_12": 0.4752734936799956,
    "epoch_13": 0.46398817160895234,
    "epoch_14": 0.45210654800070565,
    "epoch_15": 0.43425955899316326,
    "epoch_16": 0.4234182138469801,
    "epoch_17": 0.4057433384242229,
    "epoch_18": 0.3999197649143149,
    "epoch_19": 0.39765290393430586,
    "epoch_20": 0.38551474459474555,
    "epoch_21": 0.3825829218201292,
    "epoch_22": 0.3845297232406372,
    "epoch_23": 0.38257334827957906,
    "epoch_24": 0.3742476833679269,
    "epoch_25": 0.3689991357832498,
    "epoch_26": 0.369357923931918,
    "epoch_27": 0.3707596330850458,
    "epoch_28": 0.36756116773825837,
    "epoch_29": 0.36275190621802944,
    "epoch_30": 0.36051079431890354,
    "epoch_31": 0.3578472007602684,
    "epoch_32": 0.35625733932557446,
    "epoch_33": 0.35548573164812547,
    "epoch_34": 0.35526080815957956,
    "epoch_35": 0.3551328393538402,
    "epoch_36": 0.35498732307471614,
    "epoch_37": 0.35485661216211084,
    "epoch_38": 0.3591532591188448,
    "epoch_39": 0.37325655176282685,
    "epoch_40": 0.36547677058697753,
    "epoch_41": 0.35564138429816644,
    "epoch_42": 0.3516513892277311,
    "epoch_43": 0.35117709475424785,
    "epoch_44": 0.3510070175288516,
    "epoch_45": 0.3509520185052385,
    "epoch_46": 0.3509340554748047,
    "epoch_47": 0.35092361385522386,
    "epoch_48": 0.3509154083103842,
    "epoch_49": 0.3509085422364742,
    "epoch_50": 0.3509022369195438,
    "epoch_51": 0.35089686923435853,
    "epoch_52": 0.350892367848023,
    "epoch_53": 0.3508883533306886,
    "epoch_54": 0.35088472144752847,
    "epoch_55": 0.35088171581106126,
    "epoch_56": 0.35087905402176833,
    "epoch_57": 0.35087676651027117,
    "epoch_58": 0.35087480925374354,
    "epoch_59": 0.3508728886898856,
    "epoch_60": 0.35087148703828464,
    "epoch_61": 0.3508699438937181,
    "epoch_62": 0.3508687760950559,
    "epoch_63": 0.3508677288041681,
    "epoch_64": 0.350866842818612,
    "epoch_65": 0.35086606850275587,
    "epoch_66": 0.3508654319100705,
    "epoch_67": 0.3508647428125206,
    "epoch_68": 0.3508642358588904,
    "epoch_69": 0.3508637326122252,
    "epoch_70": 0.35086330494994605,
    "epoch_71": 0.35086291100638733,
    "epoch_72": 0.3508625533785187,
    "epoch_73": 0.35086225196247944,
    "epoch_74": 0.35086195925885494,
    "epoch_75": 0.3508617233325291,
    "epoch_76": 0.35086148522809957,
    "epoch_77": 0.3508612809261636,
    "epoch_78": 0.35086109660414017,
    "epoch_79": 0.3508609263769607,
    "epoch_80": 0.3508607211116327,
    "epoch_81": 0.3508605594712081,
    "epoch_82": 0.3508603706254309,
    "epoch_83": 0.3508600670103447,
    "epoch_84": 0.3508589081963601,
    "epoch_85": 0.40442135261969925,
    "epoch_86": 0.4362923847229985,
    "epoch_87": 0.4234331935665093,
    "epoch_88": 0.3905783582345248,
    "epoch_89": 0.3801051823295344,
    "epoch_90": 0.36701497165401137,
    "epoch_91": 0.3588773704756337,
    "epoch_92": 0.3559472739947822,
    "epoch_93": 0.35559459557352313,
    "epoch_94": 0.3530324381041175,
    "epoch_95": 0.3503201820862101,
    "epoch_96": 0.34914884614173747,
    "epoch_97": 0.3490938858422945,
    "epoch_98": 0.34962467016758253,
    "epoch_99": 0.35070845769562525,
    "epoch_100": 0.3484924650074978,
    "epoch_101": 0.3478365496523516,
    "epoch_102": 0.34702606403903064,
    "epoch_103": 0.3470056469349985,
    "epoch_104": 0.3472269037326121,
    "epoch_105": 0.346955944305562,
    "epoch_106": 0.3466847070655769,
    "epoch_107": 0.34666764635647673,
    "epoch_108": 0.3466599007266052,
    "epoch_109": 0.34665525847560325,
    "epoch_110": 0.34665270353905014,
    "epoch_111": 0.34665098250205467,
    "epoch_112": 0.3466497084161218,
    "epoch_113": 0.34664874261563206,
    "epoch_114": 0.34664787581414297,
    "epoch_115": 0.34664707177973764,
    "epoch_116": 0.34664580933828215,
    "epoch_117": 0.34663380882476974,
    "epoch_118": 0.3462961776651971,
    "epoch_119": 0.3462940336781661,
    "epoch_120": 0.3462692377270734,
    "epoch_121": 0.3529312272391852,
    "epoch_122": 0.3822780034111489,
    "epoch_123": 0.3766838353407358,
    "epoch_124": 0.3605283031518913,
    "epoch_125": 0.3560493259428256,
    "epoch_126": 0.3624163435029883,
    "epoch_127": 0.35381861626892464,
    "epoch_128": 0.3565113953067983,
    "epoch_129": 0.34748317863601075,
    "epoch_130": 0.3433570481276562,
    "epoch_131": 0.3426113493494475,
    "epoch_132": 0.3423921005539884,
    "epoch_133": 0.3426501491249068,
    "epoch_134": 0.3423179096934331,
    "epoch_135": 0.3439988656229983,
    "epoch_136": 0.34140213209813697,
    "epoch_137": 0.3424489417087839,
    "epoch_138": 0.34147780540956213,
    "epoch_139": 0.342153850254339,
    "epoch_140": 0.34132553541735705,
    "epoch_141": 0.34212443199027026,
    "epoch_142": 0.34130912175165123,
    "epoch_143": 0.3436302569493892,
    "epoch_144": 0.34221113056928776,
    "epoch_145": 0.3427827590088231,
    "epoch_146": 0.34281615668924775,
    "epoch_147": 0.34407330996036867,
    "epoch_148": 0.3426291686250388,
    "epoch_149": 0.3414109668636188,
    "epoch_150": 0.3410535646381298
}