{
    "epoch_1": 0.6750147399837023,
    "epoch_2": 0.6264301050450453,
    "epoch_3": 0.5960547191492918,
    "epoch_4": 0.581849410528043,
    "epoch_5": 0.5623995543447426,
    "epoch_6": 0.5457230701880326,
    "epoch_7": 0.530371915312202,
    "epoch_8": 0.5211799153747331,
    "epoch_9": 0.5082487458089046,
    "epoch_10": 0.4913005273007995,
    "epoch_11": 0.48269608412703424,
    "epoch_12": 0.47070161285926304,
    "epoch_13": 0.45083162239823044,
    "epoch_14": 0.44460345229476134,
    "epoch_15": 0.42709650580280906,
    "epoch_16": 0.41974400160268266,
    "epoch_17": 0.41513748305238335,
    "epoch_18": 0.4112906312163688,
    "epoch_19": 0.39840274066266823,
    "epoch_20": 0.3936074989215508,
    "epoch_21": 0.386749769999012,
    "epoch_22": 0.3881891213323428,
    "epoch_23": 0.38911291990399066,
    "epoch_24": 0.3768450104754809,
    "epoch_25": 0.3748715723088468,
    "epoch_26": 0.3738868764860403,
    "epoch_27": 0.3709454374289069,
    "epoch_28": 0.3695569495213505,
    "epoch_29": 0.3694278947566742,
    "epoch_30": 0.36969070762008543,
    "epoch_31": 0.36856903445105155,
    "epoch_32": 0.3643690682751361,
    "epoch_33": 0.36123655641711216,
    "epoch_34": 0.3595189340687401,
    "epoch_35": 0.3613779283759047,
    "epoch_36": 0.3644206405083757,
    "epoch_37": 0.35804382531861484,
    "epoch_38": 0.35747866426219344,
    "epoch_39": 0.35952223443256415,
    "epoch_40": 0.36172390325386816,
    "epoch_41": 0.36312926681283736,
    "epoch_42": 0.3856433266122843,
    "epoch_43": 0.36974016148080147,
    "epoch_44": 0.35898276237089843,
    "epoch_45": 0.35393164767731605,
    "epoch_46": 0.35206264061679915,
    "epoch_47": 0.3532357525942742,
    "epoch_48": 0.35198912264214594,
    "epoch_49": 0.3510811475544257,
    "epoch_50": 0.35061557368517005,
    "epoch_51": 0.3502816008734293,
    "epoch_52": 0.35021937809410875,
    "epoch_53": 0.35050420074199934,
    "epoch_54": 0.35066539731660473,
    "epoch_55": 0.34994179326524055,
    "epoch_56": 0.3496752163800265,
    "epoch_57": 0.3495106538178672,
    "epoch_58": 0.3494747443642162,
    "epoch_59": 0.34946820474860124,
    "epoch_60": 0.3494639503022098,
    "epoch_61": 0.34946061584419397,
    "epoch_62": 0.3494574253940984,
    "epoch_63": 0.34945317896617517,
    "epoch_64": 0.3494396858207795,
    "epoch_65": 0.3491818626533276,
    "epoch_66": 0.3491173253107121,
    "epoch_67": 0.34910552223020996,
    "epoch_68": 0.3491008121652439,
    "epoch_69": 0.34909594631588664,
    "epoch_70": 0.3492561167568586,
    "epoch_71": 0.3487847604833656,
    "epoch_72": 0.3487481923847815,
    "epoch_73": 0.34874604650242186,
    "epoch_74": 0.34874512254668405,
    "epoch_75": 0.348744409206586,
    "epoch_76": 0.34874366324828054,
    "epoch_77": 0.34874228592458256,
    "epoch_78": 0.3487215006418466,
    "epoch_79": 0.34839637025348086,
    "epoch_80": 0.3483933027497417,
    "epoch_81": 0.34839215627627745,
    "epoch_82": 0.34839141628471726,
    "epoch_83": 0.3483909241538488,
    "epoch_84": 0.34839045206915087,
    "epoch_85": 0.34838998642225705,
    "epoch_86": 0.34838914099726126,
    "epoch_87": 0.34838629627294776,
    "epoch_88": 0.36113790219861,
    "epoch_89": 0.4449954671444372,
    "epoch_90": 0.4403839457818069,
    "epoch_91": 0.4078918235173006,
    "epoch_92": 0.38101163299241986,
    "epoch_93": 0.37480929849815237,
    "epoch_94": 0.36146922129516146,
    "epoch_95": 0.3591918226057997,
    "epoch_96": 0.3542869021421908,
    "epoch_97": 0.35223301294648024,
    "epoch_98": 0.3497884318750701,
    "epoch_99": 0.3501324309647858,
    "epoch_100": 0.34710228640990465,
    "epoch_101": 0.3451107890512971,
    "epoch_102": 0.3448688275549426,
    "epoch_103": 0.34467872312540415,
    "epoch_104": 0.3459120494652766,
    "epoch_105": 0.34556390895188627,
    "epoch_106": 0.34490954579702376,
    "epoch_107": 0.34441568755584306,
    "epoch_108": 0.34463495849348763,
    "epoch_109": 0.3446612806017875,
    "epoch_110": 0.3452917197984187,
    "epoch_111": 0.3487314701205938,
    "epoch_112": 0.3530508867263124,
    "epoch_113": 0.3610758831470022,
    "epoch_114": 0.3569998730367889,
    "epoch_115": 0.3488581467395001,
    "epoch_116": 0.34568804954703664,
    "epoch_117": 0.3425419763971053,
    "epoch_118": 0.341617607959413,
    "epoch_119": 0.34708607186339885,
    "epoch_120": 0.3439859059407998,
    "epoch_121": 0.3440303786997633,
    "epoch_122": 0.34331991155816666,
    "epoch_123": 0.34209041453931976,
    "epoch_124": 0.3398008593183088,
    "epoch_125": 0.33980755130575546,
    "epoch_126": 0.33968672885951723,
    "epoch_127": 0.33880971265877596,
    "epoch_128": 0.3400298792058893,
    "epoch_129": 0.3401703405032712,
    "epoch_130": 0.3405322543687891,
    "epoch_131": 0.342394647323587,
    "epoch_132": 0.33917392183698436,
    "epoch_133": 0.3380980299550858,
    "epoch_134": 0.3381603887761983,
    "epoch_135": 0.33654857250234727,
    "epoch_136": 0.33742480652559254,
    "epoch_137": 0.3369030377552473,
    "epoch_138": 0.3367317379316532,
    "epoch_139": 0.3361409810977858,
    "epoch_140": 0.3363253092049799,
    "epoch_141": 0.3361328511980068,
    "epoch_142": 0.3360990551027198,
    "epoch_143": 0.33609646281360284,
    "epoch_144": 0.3360957139975404,
    "epoch_145": 0.3360952783099886,
    "epoch_146": 0.33609493473014124,
    "epoch_147": 0.3360946988134079,
    "epoch_148": 0.33609449854012663,
    "epoch_149": 0.3360943550974769,
    "epoch_150": 0.3360942194639359
}