{
    "accuracy": 0.6966292134831461,
    "precision": 0.6822916666666666,
    "recall": 0.7359550561797753,
    "f1_score": 0.7081081081081081,
    "roc_auc": 0.696629213483146
}