{
    "accuracy": 0.7205056179775281,
    "precision": 0.7223796033994334,
    "recall": 0.7162921348314607,
    "f1_score": 0.7193229901269393,
    "roc_auc": 0.7205056179775281
}