{
    "accuracy": 0.7050561797752809,
    "precision": 0.696236559139785,
    "recall": 0.7275280898876404,
    "f1_score": 0.7115384615384616,
    "roc_auc": 0.705056179775281
}