{
    "accuracy": 0.7285513361462729,
    "precision": 0.7154255319148937,
    "recall": 0.7577464788732394,
    "f1_score": 0.7359781121751026,
    "roc_auc": 0.7285923405602153
}