{
    "accuracy": 0.7482419127988749,
    "precision": 0.7322834645669292,
    "recall": 0.7837078651685393,
    "f1_score": 0.757123473541384,
    "roc_auc": 0.7481919607532836
}