{
    "epoch_1": 0.643328283679425,
    "epoch_2": 0.5900830251068933,
    "epoch_3": 0.5584780026547623,
    "epoch_4": 0.5370958649488967,
    "epoch_5": 0.5176807256512859,
    "epoch_6": 0.5044428145805057,
    "epoch_7": 0.49025680675072375,
    "epoch_8": 0.47772334684408935,
    "epoch_9": 0.4579006719448514,
    "epoch_10": 0.4416207544015592,
    "epoch_11": 0.43016388173047043,
    "epoch_12": 0.41528332705843507,
    "epoch_13": 0.40629405099867166,
    "epoch_14": 0.39692194380406387,
    "epoch_15": 0.39024370969045424,
    "epoch_16": 0.3878240464208098,
    "epoch_17": 0.3814762473910494,
    "epoch_18": 0.37894028239266264,
    "epoch_19": 0.37785558219100734,
    "epoch_20": 0.37241628720828696,
    "epoch_21": 0.37051079084258054,
    "epoch_22": 0.3680835660251759,
    "epoch_23": 0.37120302416019857,
    "epoch_24": 0.36911215352971877,
    "epoch_25": 0.3661947216191541,
    "epoch_26": 0.36717125165321773,
    "epoch_27": 0.3635656878879862,
    "epoch_28": 0.36092595391691634,
    "epoch_29": 0.36217244278520194,
    "epoch_30": 0.3594490190179513,
    "epoch_31": 0.3605214784559472,
    "epoch_32": 0.3601683593318997,
    "epoch_33": 0.3607529158033368,
    "epoch_34": 0.3576031980586896,
    "epoch_35": 0.3570824390117073,
    "epoch_36": 0.35711200321705705,
    "epoch_37": 0.3548102077806579,
    "epoch_38": 0.3540117810990718,
    "epoch_39": 0.3537393840529263,
    "epoch_40": 0.3551601690144402,
    "epoch_41": 0.3595548183178218,
    "epoch_42": 0.3560647049299983,
    "epoch_43": 0.35258585636772555,
    "epoch_44": 0.35442123168837564,
    "epoch_45": 0.3529988230782456,
    "epoch_46": 0.3524795519863373,
    "epoch_47": 0.3528826231196598,
    "epoch_48": 0.3508094618030986,
    "epoch_49": 0.35032147731990076,
    "epoch_50": 0.35000716870993026,
    "epoch_51": 0.3603316772144922,
    "epoch_52": 0.35697363495424667,
    "epoch_53": 0.35084698172081985,
    "epoch_54": 0.35003603987307813,
    "epoch_55": 0.3490629500723609,
    "epoch_56": 0.3488474737029856,
    "epoch_57": 0.35651573081442717,
    "epoch_58": 0.35276971910695404,
    "epoch_59": 0.3515122741913112,
    "epoch_60": 0.3483160054201219,
    "epoch_61": 0.3481270013530982,
    "epoch_62": 0.34805239020873485,
    "epoch_63": 0.35349268168462267,
    "epoch_64": 0.3507481728999249,
    "epoch_65": 0.34863017205444197,
    "epoch_66": 0.3501209432720937,
    "epoch_67": 0.3522007553312067,
    "epoch_68": 0.3513738529577625,
    "epoch_69": 0.3491431290745534,
    "epoch_70": 0.3480873548662884,
    "epoch_71": 0.34722022086532683,
    "epoch_72": 0.3472064986799861,
    "epoch_73": 0.3472043052692638,
    "epoch_74": 0.3472028694305613,
    "epoch_75": 0.34720161054628895,
    "epoch_76": 0.3525887072890444,
    "epoch_77": 0.3592432134268055,
    "epoch_78": 0.34807159335778093,
    "epoch_79": 0.34803024587703596,
    "epoch_80": 0.34806112238970816,
    "epoch_81": 0.34828645413078707,
    "epoch_82": 0.34728196831215896,
    "epoch_83": 0.3480182034269754,
    "epoch_84": 0.3557552701807746,
    "epoch_85": 0.3503288721656317,
    "epoch_86": 0.34701336862465987,
    "epoch_87": 0.3468516398642156,
    "epoch_88": 0.3462219667474898,
    "epoch_89": 0.35083304328017856,
    "epoch_90": 0.34815444763354064,
    "epoch_91": 0.34600201304405176,
    "epoch_92": 0.3482086183550386,
    "epoch_93": 0.3458610162968177,
    "epoch_94": 0.34988605915796495,
    "epoch_95": 0.3487080680379176,
    "epoch_96": 0.3471880457152002,
    "epoch_97": 0.34662629470455303,
    "epoch_98": 0.34781222937481,
    "epoch_99": 0.34754401329798,
    "epoch_100": 0.35004467329930694,
    "epoch_101": 0.34637877576266735,
    "epoch_102": 0.34576211706381826,
    "epoch_103": 0.3440758546729514,
    "epoch_104": 0.34404309327646615,
    "epoch_105": 0.3440406371730978,
    "epoch_106": 0.34403948337593526,
    "epoch_107": 0.3440389379884099,
    "epoch_108": 0.344038576289735,
    "epoch_109": 0.3440383269151588,
    "epoch_110": 0.3440381204096905,
    "epoch_111": 0.3440379588841186,
    "epoch_112": 0.3440378393732878,
    "epoch_113": 0.344037745292432,
    "epoch_114": 0.3440376787523395,
    "epoch_115": 0.34403762693750917,
    "epoch_116": 0.34403758733509765,
    "epoch_117": 0.34403755617583986,
    "epoch_118": 0.34403753486692806,
    "epoch_119": 0.3440375187847305,
    "epoch_120": 0.3440375057682018,
    "epoch_121": 0.34403749596811267,
    "epoch_122": 0.34403748868086687,
    "epoch_123": 0.3440374839064645,
    "epoch_124": 0.3440374789310346,
    "epoch_125": 0.3440374760663932,
    "epoch_126": 0.34403747315149485,
    "epoch_127": 0.34403747099044957,
    "epoch_128": 0.3440374700858259,
    "epoch_129": 0.34403746877914737,
    "epoch_130": 0.34403746737195506,
    "epoch_131": 0.3440374666181021,
    "epoch_132": 0.3440374658139922,
    "epoch_133": 0.3440374670704139,
    "epoch_134": 0.34445272976592256,
    "epoch_135": 0.3679078948035409,
    "epoch_136": 0.3497228266115333,
    "epoch_137": 0.3474691424261257,
    "epoch_138": 0.34746773764616723,
    "epoch_139": 0.3450633134648933,
    "epoch_140": 0.3439485177925425,
    "epoch_141": 0.3434111322661073,
    "epoch_142": 0.3434063048929629,
    "epoch_143": 0.3434059999342914,
    "epoch_144": 0.3434056472315957,
    "epoch_145": 0.34832678521664506,
    "epoch_146": 0.3495647753973634,
    "epoch_147": 0.3477955861598203,
    "epoch_148": 0.3467589783125744,
    "epoch_149": 0.34378450395284976,
    "epoch_150": 0.3462060311994504
}