{
    "epoch_1": 0.6628689085452191,
    "epoch_2": 0.5999927358422271,
    "epoch_3": 0.5721695562840312,
    "epoch_4": 0.5492918000856499,
    "epoch_5": 0.5228996474867527,
    "epoch_6": 0.508076462888396,
    "epoch_7": 0.49348148683472387,
    "epoch_8": 0.4702586595967889,
    "epoch_9": 0.4567759066669374,
    "epoch_10": 0.4375123995251036,
    "epoch_11": 0.4220422598302465,
    "epoch_12": 0.40841708376274943,
    "epoch_13": 0.4002857303740001,
    "epoch_14": 0.38693300985164225,
    "epoch_15": 0.37907354199464166,
    "epoch_16": 0.37410576709406373,
    "epoch_17": 0.37182972835248074,
    "epoch_18": 0.36494055616513876,
    "epoch_19": 0.36626389823715766,
    "epoch_20": 0.361148106961387,
    "epoch_21": 0.3656703669948481,
    "epoch_22": 0.360460898677173,
    "epoch_23": 0.359395118728657,
    "epoch_24": 0.3582435351298591,
    "epoch_25": 0.3597810251314765,
    "epoch_26": 0.35672128431712596,
    "epoch_27": 0.3549315105200216,
    "epoch_28": 0.35242109003195676,
    "epoch_29": 0.3559292315130089,
    "epoch_30": 0.35363289537960524,
    "epoch_31": 0.35495156497014513,
    "epoch_32": 0.35167259565895365,
    "epoch_33": 0.3509544447742867,
    "epoch_34": 0.35132623336970503,
    "epoch_35": 0.35429806843977957,
    "epoch_36": 0.3484020481423222,
    "epoch_37": 0.35039819292033103,
    "epoch_38": 0.3531147200884345,
    "epoch_39": 0.34835324766865067,
    "epoch_40": 0.35360736328272957,
    "epoch_41": 0.3469248803530334,
    "epoch_42": 0.34672835117447837,
    "epoch_43": 0.3490499516864249,
    "epoch_44": 0.3461275380638759,
    "epoch_45": 0.3489653495773296,
    "epoch_46": 0.3470555398657189,
    "epoch_47": 0.346269364652505,
    "epoch_48": 0.3470011526376361,
    "epoch_49": 0.34464869445934265,
    "epoch_50": 0.34594246041513416,
    "epoch_51": 0.3437183862693394,
    "epoch_52": 0.34390081889914825,
    "epoch_53": 0.34792016625002303,
    "epoch_54": 0.3456470339635974,
    "epoch_55": 0.3434930706104581,
    "epoch_56": 0.34361312310973063,
    "epoch_57": 0.3468254094984238,
    "epoch_58": 0.3458929880574019,
    "epoch_59": 0.3432361612231494,
    "epoch_60": 0.34257731967390487,
    "epoch_61": 0.3488746002492374,
    "epoch_62": 0.3459078211707972,
    "epoch_63": 0.3460019048410162,
    "epoch_64": 0.34407607901960763,
    "epoch_65": 0.3420372398768066,
    "epoch_66": 0.3419533473444226,
    "epoch_67": 0.3419354631868623,
    "epoch_68": 0.34193387054673335,
    "epoch_69": 0.34193278700867147,
    "epoch_70": 0.3419319627960456,
    "epoch_71": 0.3419313449381174,
    "epoch_72": 0.3419309118746907,
    "epoch_73": 0.3419305684192587,
    "epoch_74": 0.341930318089802,
    "epoch_75": 0.34193013545634576,
    "epoch_76": 0.3419299873493574,
    "epoch_77": 0.3419298809053122,
    "epoch_78": 0.34192979813225155,
    "epoch_79": 0.34192973576347907,
    "epoch_80": 0.341929686863547,
    "epoch_81": 0.3419296492714102,
    "epoch_82": 0.34192962012242706,
    "epoch_83": 0.3419296017786705,
    "epoch_84": 0.3419295861487847,
    "epoch_85": 0.3419295753938151,
    "epoch_86": 0.34192956649834955,
    "epoch_87": 0.34192956026649796,
    "epoch_88": 0.3419295554418387,
    "epoch_89": 0.34192955177308737,
    "epoch_90": 0.3419295491597303,
    "epoch_91": 0.34192954654637314,
    "epoch_92": 0.3419295446366122,
    "epoch_93": 0.3419295437319886,
    "epoch_94": 0.34192954222428257,
    "epoch_95": 0.3419295406160628,
    "epoch_96": 0.34192953966118234,
    "epoch_97": 0.37506612512152676,
    "epoch_98": 0.3487716530265937,
    "epoch_99": 0.3478514806918712,
    "epoch_100": 0.34411360969229854,
    "epoch_101": 0.3448349507321395,
    "epoch_102": 0.34357381927424296,
    "epoch_103": 0.34632048880269917,
    "epoch_104": 0.3467516046752415,
    "epoch_105": 0.3439195356622313,
    "epoch_106": 0.3437290636926236,
    "epoch_107": 0.3448715905013414,
    "epoch_108": 0.3448100211648475,
    "epoch_109": 0.34412195318665917,
    "epoch_110": 0.3427182389250493,
    "epoch_111": 0.34154573876982397,
    "epoch_112": 0.3415121698962496,
    "epoch_113": 0.3415109961973676,
    "epoch_114": 0.3415102072148058,
    "epoch_115": 0.34150958468298886,
    "epoch_116": 0.3415090575889632,
    "epoch_117": 0.3415086711136527,
    "epoch_118": 0.341508354445131,
    "epoch_119": 0.34209114398562285,
    "epoch_120": 0.3566363023666266,
    "epoch_121": 0.3448810945775416,
    "epoch_122": 0.3427533103281893,
    "epoch_123": 0.3432541275004311,
    "epoch_124": 0.34419790920479504,
    "epoch_125": 0.3445412945787581,
    "epoch_126": 0.34418070014773494,
    "epoch_127": 0.3434748743074941,
    "epoch_128": 0.34230805272597686,
    "epoch_129": 0.3403688646086553,
    "epoch_130": 0.3402492881926879,
    "epoch_131": 0.3402449188606333,
    "epoch_132": 0.3402443993051378,
    "epoch_133": 0.34024406992162864,
    "epoch_134": 0.3402438386395247,
    "epoch_135": 0.3402436708318443,
    "epoch_136": 0.3402435503158762,
    "epoch_137": 0.34024345573245174,
    "epoch_138": 0.3402433838148744,
    "epoch_139": 0.34024333335697954,
    "epoch_140": 0.3402432955638152,
    "epoch_141": 0.34024326958101475,
    "epoch_142": 0.3402432506341757,
    "epoch_143": 0.34024323842175697,
    "epoch_144": 0.34024322867192464,
    "epoch_145": 0.3402432225405868,
    "epoch_146": 0.3402432175149001,
    "epoch_147": 0.3402432136451213,
    "epoch_148": 0.34024321017739745,
    "epoch_149": 0.34024320801635216,
    "epoch_150": 0.34024320645838924
}