{
    "epoch_1": 0.6450729962143086,
    "epoch_2": 0.5934038559260698,
    "epoch_3": 0.5652578798755626,
    "epoch_4": 0.5424847471673814,
    "epoch_5": 0.5236124780789193,
    "epoch_6": 0.5060553036089892,
    "epoch_7": 0.4837279737900321,
    "epoch_8": 0.4699593676885505,
    "epoch_9": 0.4505455774862891,
    "epoch_10": 0.4310911539533689,
    "epoch_11": 0.42096981386109106,
    "epoch_12": 0.40280186139914076,
    "epoch_13": 0.3949660364331122,
    "epoch_14": 0.3842993131878002,
    "epoch_15": 0.3825360867768074,
    "epoch_16": 0.3727365851804338,
    "epoch_17": 0.3715050209432991,
    "epoch_18": 0.3700644568387815,
    "epoch_19": 0.36701492314394973,
    "epoch_20": 0.36394645497328515,
    "epoch_21": 0.36655475347480326,
    "epoch_22": 0.3578768756498173,
    "epoch_23": 0.3570867248168482,
    "epoch_24": 0.3609988644191427,
    "epoch_25": 0.3586204663597512,
    "epoch_26": 0.36102949487419195,
    "epoch_27": 0.35642134816610394,
    "epoch_28": 0.3529289685956141,
    "epoch_29": 0.34955019467395637,
    "epoch_30": 0.3589418397786042,
    "epoch_31": 0.3578656316808665,
    "epoch_32": 0.35213282774712945,
    "epoch_33": 0.35548584351652185,
    "epoch_34": 0.35327523750760303,
    "epoch_35": 0.35370316488344794,
    "epoch_36": 0.35276152276470124,
    "epoch_37": 0.3486425792688463,
    "epoch_38": 0.352459371190449,
    "epoch_39": 0.349490671143765,
    "epoch_40": 0.3501135333995594,
    "epoch_41": 0.34689852459635745,
    "epoch_42": 0.34580645392355186,
    "epoch_43": 0.34985519128947395,
    "epoch_44": 0.3563923138691643,
    "epoch_45": 0.3523265303286895,
    "epoch_46": 0.34656382149829834,
    "epoch_47": 0.3501772604643997,
    "epoch_48": 0.3473569500506628,
    "epoch_49": 0.34553097969967034,
    "epoch_50": 0.34428676485412235,
    "epoch_51": 0.3440391513288122,
    "epoch_52": 0.356399299774765,
    "epoch_53": 0.35108834183437226,
    "epoch_54": 0.3485906677443101,
    "epoch_55": 0.3447076073183378,
    "epoch_56": 0.34895390216857947,
    "epoch_57": 0.3472726662685658,
    "epoch_58": 0.34559459308347656,
    "epoch_59": 0.3477056424995699,
    "epoch_60": 0.3469705445971497,
    "epoch_61": 0.3487108252301787,
    "epoch_62": 0.3490978513560046,
    "epoch_63": 0.3503646365607167,
    "epoch_64": 0.3452957801734416,
    "epoch_65": 0.3470347925241641,
    "epoch_66": 0.34679499781151846,
    "epoch_67": 0.3481203080429798,
    "epoch_68": 0.3459381673227474,
    "epoch_69": 0.34429460854393634,
    "epoch_70": 0.34622347209144,
    "epoch_71": 0.34537486970726194,
    "epoch_72": 0.3465430994359478,
    "epoch_73": 0.34455655874530544,
    "epoch_74": 0.3475669012302894,
    "epoch_75": 0.3437701211912435,
    "epoch_76": 0.3456951714486738,
    "epoch_77": 0.34234089056315753,
    "epoch_78": 0.3421787646729468,
    "epoch_79": 0.34617117600135416,
    "epoch_80": 0.3490596793051715,
    "epoch_81": 0.3467561960421364,
    "epoch_82": 0.34314329799069926,
    "epoch_83": 0.34132427072645644,
    "epoch_84": 0.341090291034914,
    "epoch_85": 0.3410866136394102,
    "epoch_86": 0.3408789762357033,
    "epoch_87": 0.3408778934012376,
    "epoch_88": 0.34087713391945695,
    "epoch_89": 0.34087664904119996,
    "epoch_90": 0.3408763416199419,
    "epoch_91": 0.34087617160095934,
    "epoch_92": 0.340876020076504,
    "epoch_93": 0.3408759176027513,
    "epoch_94": 0.34087583859895576,
    "epoch_95": 0.34087576839011197,
    "epoch_96": 0.3408757675860021,
    "epoch_97": 0.369935695125924,
    "epoch_98": 0.34901898546524435,
    "epoch_99": 0.3449492709331127,
    "epoch_100": 0.3422855485551072,
    "epoch_101": 0.3453393717238312,
    "epoch_102": 0.3449150141937938,
    "epoch_103": 0.3416668287718678,
    "epoch_104": 0.34069938884818735,
    "epoch_105": 0.34045584974763365,
    "epoch_106": 0.34045539708402867,
    "epoch_107": 0.3404551504735802,
    "epoch_108": 0.34045495809029164,
    "epoch_109": 0.34045480028372793,
    "epoch_110": 0.3404546462966861,
    "epoch_111": 0.34045451733756427,
    "epoch_112": 0.3404544080288776,
    "epoch_113": 0.3404543230445148,
    "epoch_114": 0.3404542560521105,
    "epoch_115": 0.34045419961364837,
    "epoch_116": 0.34045415769942095,
    "epoch_117": 0.3404541219667882,
    "epoch_118": 0.3404540947778229,
    "epoch_119": 0.34045407281557183,
    "epoch_120": 0.3404540556277232,
    "epoch_121": 0.3404540421588827,
    "epoch_122": 0.3404540301977482,
    "epoch_123": 0.34045402275973186,
    "epoch_124": 0.34045401562325667,
    "epoch_125": 0.34045400999448755,
    "epoch_126": 0.3404540058734244,
    "epoch_127": 0.34045400320981045,
    "epoch_128": 0.3404540006969671,
    "epoch_129": 0.34045399903849044,
    "epoch_130": 0.34045399672667453,
    "epoch_131": 0.340453995771794,
    "epoch_132": 0.3404539945153724,
    "epoch_133": 0.34045399361074874,
    "epoch_134": 0.34045399250509767,
    "epoch_135": 0.3404539921030427,
    "epoch_136": 0.3404539917009878,
    "epoch_137": 0.3404539911984191,
    "epoch_138": 0.3404539907461073,
    "epoch_139": 0.34045399054507985,
    "epoch_140": 0.3404539906958504,
    "epoch_141": 0.3404539902937955,
    "epoch_142": 0.3404539902937955,
    "epoch_143": 0.3404539902435386,
    "epoch_144": 0.3404539902435386,
    "epoch_145": 0.3404539902435386,
    "epoch_146": 0.34045399019328176,
    "epoch_147": 0.34045399019328176,
    "epoch_148": 0.34045399019328176,
    "epoch_149": 0.34045399019328176,
    "epoch_150": 0.34045399039430924
}