{
    "accuracy": 0.845,
    "test_loss": 0.4636444846292337,
    "precision": 1.9277566539923954,
    "recall": 1.69,
    "f1_score": 1.8010657193107842
}