{
    "accuracy": 0.7630691399662732,
    "precision": 0.7591362126245847,
    "recall": 0.7706576728499157,
    "f1_score": 0.7648535564853557,
    "roc_auc": 0.7630691399662732
}