{
    "accuracy": 0.7491568296795953,
    "precision": 0.7377312952534192,
    "recall": 0.7731871838111298,
    "f1_score": 0.7550432276657061,
    "roc_auc": 0.7491568296795953
}