{
    "accuracy": 0.7365092748735245,
    "precision": 0.7133079847908745,
    "recall": 0.790893760539629,
    "f1_score": 0.7500999600159935,
    "roc_auc": 0.7365092748735245
}