{
    "accuracy": 0.6811432495064801,
    "precision": 0.7182748991622712,
    "recall": 0.5960861728606986,
    "f1_score": 0.6515009380863039,
    "roc_auc": 0.6811432495064802
}