{
    "accuracy": 0.6966914131227739,
    "precision": 0.6790904828879513,
    "recall": 0.745880535530381,
    "f1_score": 0.710920245398773,
    "roc_auc": 0.6966893021828371
}