{
    "accuracy": 0.6772089430545424,
    "precision": 0.7121134285420734,
    "recall": 0.5948845592652992,
    "f1_score": 0.6482416760194538,
    "roc_auc": 0.6772054104256464
}